Date,transaction_item_ID,Transaction ID,Customer ID,Product ID,total_Price,Customer Name,Customer Gender,Customer Age,Customer Age Range,Customer Address,Product,Product Colors,Product Size
2026-Aug-2,TP00515,T00409,C0008,F-W-M,"1,500",Nut,Male,36,36-40,South,รองเท้า,White,M
2026-Aug-2,TP00524,T00418,C0001,F-B-M,"1,500",Peace,Female,22,21-25,West,รองเท้า,Black,M
2026-Aug-2,TP00526,T00420,C0004,F-R-M,"1,500",Jane,Female,30,26-30,East,รองเท้า,Red,M
2026-Aug-2,TP00596,T00490,C0002,P-B-M,700,Cap,Male,27,26-30,West,กางเกง,Black,M
2026-Aug-2,TP00728,T00622,C0005,P-B-M,700,Kim,Female,41,>40,West,กางเกง,Black,M
2026-Aug-2,TP00781,T00675,C0003,F-B-L,"1,500",Ali,Female,36,36-40,East,รองเท้า,Black,L
2026-Aug-2,TP00810,T00703,C0006,F-R-L,"1,500",Tor,Male,26,26-30,North,รองเท้า,Red,L
2026-Aug-2,TP00827,T00720,C0005,P-B-M,700,Kim,Female,41,>40,West,กางเกง,Black,M
2026-Aug-2,TP00844,T00737,C0004,S-B-M,500,Jane,Female,30,26-30,East,เสื้อ,Black,M
2026-Aug-2,TP00890,T00783,C0010,P-R-L,700,Min,Female,34,31-35,North,กางเกง,Red,L
2026-Aug-2,TP00897,T00790,C0009,B-B-L,1000,Nee,Female,28,26-30,City,กระเป๋า,Black,L
2026-Aug-1,TP00491,T00390,C0002,B-B-L,1000,Cap,Male,27,26-30,West,กระเป๋า,Black,L
2026-Aug-1,TP00492,T00391,C0006,S-W-M,500,Tor,Male,26,26-30,North,เสื้อ,White,M
2026-Aug-1,TP00493,T00392,C0001,S-B-M,500,Peace,Female,22,21-25,West,เสื้อ,Black,M
2026-Aug-1,TP00494,T00392,C0004,S-W-M,500,Jane,Female,30,26-30,East,เสื้อ,White,M
2026-Aug-1,TP00495,T00392,C0008,S-R-L,500,Nut,Male,36,36-40,South,เสื้อ,Red,L
2026-Aug-1,TP00496,T00393,C0008,F-B-L,"1,500",Nut,Male,36,36-40,South,รองเท้า,Black,L
2026-Aug-1,TP00497,T00393,C0004,B-B-M,1000,Jane,Female,30,26-30,East,กระเป๋า,Black,M
2026-Aug-1,TP00498,T00393,C0003,P-B-M,700,Ali,Female,36,36-40,East,กางเกง,Black,M
2026-Aug-1,TP00499,T00394,C0005,S-B-L,500,Kim,Female,41,>40,West,เสื้อ,Black,L
2026-Aug-1,TP00500,T00394,C0009,S-B-M,500,Nee,Female,28,26-30,City,เสื้อ,Black,M
2026-Aug-1,TP00501,T00395,C0005,S-W-L,500,Kim,Female,41,>40,West,เสื้อ,White,L
2026-Aug-1,TP00762,T00656,C0010,F-R-M,"1,500",Min,Female,34,31-35,North,รองเท้า,Red,M
2026-Aug-1,TP00774,T00668,C0009,P-R-M,700,Nee,Female,28,26-30,City,กางเกง,Red,M
2026-Aug-1,TP00793,T00687,C0007,B-B-L,1000,SE,Female,31,31-35,West,กระเป๋า,Black,L
2026-Aug-1,TP00841,T00734,C0005,B-B-L,1000,Kim,Female,41,>40,West,กระเป๋า,Black,L
2026-Aug-1,TP00845,T00738,C0010,B-B-L,1000,Min,Female,34,31-35,North,กระเป๋า,Black,L
2026-Aug-1,TP00873,T00766,C0001,P-B-M,700,Peace,Female,22,21-25,West,กางเกง,Black,M
2026-Aug-1,TP00927,T00820,C0007,S-W-M,500,SE,Female,31,31-35,West,เสื้อ,White,M
2026-Aug-1,TP00930,T00823,C0006,S-R-M,500,Tor,Male,26,26-30,North,เสื้อ,Red,M
2026-Aug-1,TP00936,T00829,C0008,S-B-M,500,Nut,Male,36,36-40,South,เสื้อ,Black,M
2026-Jul-31,TP00479,T00381,C0006,B-B-L,1000,Tor,Male,26,26-30,North,กระเป๋า,Black,L
2026-Jul-31,TP00480,T00382,C0003,B-W-M,1000,Ali,Female,36,36-40,East,กระเป๋า,White,M
2026-Jul-31,TP00481,T00383,C0005,B-R-L,1000,Kim,Female,41,>40,West,กระเป๋า,Red,L
2026-Jul-31,TP00482,T00383,C0008,B-B-L,1000,Nut,Male,36,36-40,South,กระเป๋า,Black,L
2026-Jul-31,TP00483,T00383,C0003,S-B-M,500,Ali,Female,36,36-40,East,เสื้อ,Black,M
2026-Jul-31,TP00484,T00383,C0002,B-W-L,1000,Cap,Male,27,26-30,West,กระเป๋า,White,L
2026-Jul-31,TP00485,T00384,C0002,S-W-M,500,Cap,Male,27,26-30,West,เสื้อ,White,M
2026-Jul-31,TP00486,T00385,C0008,S-R-M,500,Nut,Male,36,36-40,South,เสื้อ,Red,M
2026-Jul-31,TP00487,T00386,C0005,S-B-M,500,Kim,Female,41,>40,West,เสื้อ,Black,M
2026-Jul-31,TP00488,T00387,C0004,B-W-L,1000,Jane,Female,30,26-30,East,กระเป๋า,White,L
2026-Jul-31,TP00489,T00388,C0008,P-B-M,700,Nut,Male,36,36-40,South,กางเกง,Black,M
2026-Jul-31,TP00490,T00389,C0010,B-B-M,1000,Min,Female,34,31-35,North,กระเป๋า,Black,M
2026-Jul-31,TP00504,T00398,C0010,B-B-L,1000,Min,Female,34,31-35,North,กระเป๋า,Black,L
2026-Jul-31,TP00517,T00411,C0001,B-B-L,1000,Peace,Female,22,21-25,West,กระเป๋า,Black,L
2026-Jul-31,TP00602,T00496,C0010,S-R-L,500,Min,Female,34,31-35,North,เสื้อ,Red,L
2026-Jul-31,TP00650,T00544,C0009,F-B-M,"1,500",Nee,Female,28,26-30,City,รองเท้า,Black,M
2026-Jul-31,TP00661,T00555,C0004,P-B-M,700,Jane,Female,30,26-30,East,กางเกง,Black,M
2026-Jul-31,TP00674,T00568,C0005,S-R-L,500,Kim,Female,41,>40,West,เสื้อ,Red,L
2026-Jul-31,TP00683,T00577,C0003,P-B-M,700,Ali,Female,36,36-40,East,กางเกง,Black,M
2026-Jul-31,TP00701,T00595,C0001,S-B-M,500,Peace,Female,22,21-25,West,เสื้อ,Black,M
2026-Jul-31,TP00720,T00614,C0003,F-W-L,"1,500",Ali,Female,36,36-40,East,รองเท้า,White,L
2026-Jul-31,TP00735,T00629,C0008,B-W-L,1000,Nut,Male,36,36-40,South,กระเป๋า,White,L
2026-Jul-31,TP00763,T00657,C0005,B-W-M,1000,Kim,Female,41,>40,West,กระเป๋า,White,M
2026-Jul-31,TP00788,T00682,C0004,B-B-L,1000,Jane,Female,30,26-30,East,กระเป๋า,Black,L
2026-Jul-31,TP00836,T00729,C0003,F-B-L,"1,500",Ali,Female,36,36-40,East,รองเท้า,Black,L
2026-Jul-31,TP00885,T00778,C0005,P-W-L,700,Kim,Female,41,>40,West,กางเกง,White,L
2026-Jul-31,TP00920,T00813,C0004,B-W-L,1000,Jane,Female,30,26-30,East,กระเป๋า,White,L
2026-Jul-31,TP00977,T00870,C0001,S-R-L,500,Peace,Female,22,21-25,West,เสื้อ,Red,L
2026-Jul-30,TP00469,T00373,C0004,S-B-M,500,Jane,Female,30,26-30,East,เสื้อ,Black,M
2026-Jul-30,TP00470,T00374,C0004,B-B-M,1000,Jane,Female,30,26-30,East,กระเป๋า,Black,M
2026-Jul-30,TP00471,T00375,C0007,B-R-L,1000,SE,Female,31,31-35,West,กระเป๋า,Red,L
2026-Jul-30,TP00472,T00375,C0003,S-R-M,500,Ali,Female,36,36-40,East,เสื้อ,Red,M
2026-Jul-30,TP00473,T00376,C0008,B-B-M,1000,Nut,Male,36,36-40,South,กระเป๋า,Black,M
2026-Jul-30,TP00474,T00376,C0006,S-W-M,500,Tor,Male,26,26-30,North,เสื้อ,White,M
2026-Jul-30,TP00475,T00377,C0007,P-B-M,700,SE,Female,31,31-35,West,กางเกง,Black,M
2026-Jul-30,TP00476,T00378,C0003,B-W-M,1000,Ali,Female,36,36-40,East,กระเป๋า,White,M
2026-Jul-30,TP00477,T00379,C0003,F-W-M,"1,500",Ali,Female,36,36-40,East,รองเท้า,White,M
2026-Jul-30,TP00478,T00380,C0009,F-R-M,"1,500",Nee,Female,28,26-30,City,รองเท้า,Red,M
2026-Jul-30,TP00555,T00449,C0009,B-B-M,1000,Nee,Female,28,26-30,City,กระเป๋า,Black,M
2026-Jul-30,TP00583,T00477,C0005,B-B-M,1000,Kim,Female,41,>40,West,กระเป๋า,Black,M
2026-Jul-30,TP00586,T00480,C0010,B-R-L,1000,Min,Female,34,31-35,North,กระเป๋า,Red,L
2026-Jul-30,TP00640,T00534,C0009,S-R-L,500,Nee,Female,28,26-30,City,เสื้อ,Red,L
2026-Jul-30,TP00695,T00589,C0004,F-B-M,"1,500",Jane,Female,30,26-30,East,รองเท้า,Black,M
2026-Jul-30,TP00718,T00612,C0001,B-B-M,1000,Peace,Female,22,21-25,West,กระเป๋า,Black,M
2026-Jul-30,TP00732,T00626,C0001,B-R-L,1000,Peace,Female,22,21-25,West,กระเป๋า,Red,L
2026-Jul-30,TP00745,T00639,C0009,F-W-M,"1,500",Nee,Female,28,26-30,City,รองเท้า,White,M
2026-Jul-30,TP00772,T00666,C0002,P-W-L,700,Cap,Male,27,26-30,West,กางเกง,White,L
2026-Jul-30,TP00785,T00679,C0004,F-W-L,"1,500",Jane,Female,30,26-30,East,รองเท้า,White,L
2026-Jul-30,TP00814,T00707,C0009,S-R-M,500,Nee,Female,28,26-30,City,เสื้อ,Red,M
2026-Jul-30,TP00830,T00723,C0005,B-B-M,1000,Kim,Female,41,>40,West,กระเป๋า,Black,M
2026-Jul-30,TP00854,T00747,C0009,P-W-M,700,Nee,Female,28,26-30,City,กางเกง,White,M
2026-Jul-30,TP00901,T00794,C0002,B-B-M,1000,Cap,Male,27,26-30,West,กระเป๋า,Black,M
2026-Jul-30,TP00914,T00807,C0007,B-B-M,1000,SE,Female,31,31-35,West,กระเป๋า,Black,M
2026-Jul-30,TP00921,T00814,C0005,P-W-M,700,Kim,Female,41,>40,West,กางเกง,White,M
2026-Jul-29,TP00451,T00359,C0004,S-B-L,500,Jane,Female,30,26-30,East,เสื้อ,Black,L
2026-Jul-29,TP00452,T00360,C0005,B-W-M,1000,Kim,Female,41,>40,West,กระเป๋า,White,M
2026-Jul-29,TP00453,T00361,C0006,S-B-M,500,Tor,Male,26,26-30,North,เสื้อ,Black,M
2026-Jul-29,TP00454,T00362,C0008,P-B-M,700,Nut,Male,36,36-40,South,กางเกง,Black,M
2026-Jul-29,TP00455,T00362,C0003,S-B-M,500,Ali,Female,36,36-40,East,เสื้อ,Black,M
2026-Jul-29,TP00456,T00363,C0001,B-R-L,1000,Peace,Female,22,21-25,West,กระเป๋า,Red,L
2026-Jul-29,TP00457,T00364,C0008,B-R-L,1000,Nut,Male,36,36-40,South,กระเป๋า,Red,L
2026-Jul-29,TP00458,T00365,C0002,B-B-M,1000,Cap,Male,27,26-30,West,กระเป๋า,Black,M
2026-Jul-29,TP00459,T00366,C0009,P-W-M,700,Nee,Female,28,26-30,City,กางเกง,White,M
2026-Jul-29,TP00460,T00366,C0003,S-W-L,500,Ali,Female,36,36-40,East,เสื้อ,White,L
2026-Jul-29,TP00461,T00367,C0002,S-B-L,500,Cap,Male,27,26-30,West,เสื้อ,Black,L
2026-Jul-29,TP00462,T00368,C0006,P-B-M,700,Tor,Male,26,26-30,North,กางเกง,Black,M
2026-Jul-29,TP00463,T00368,C0007,F-B-L,"1,500",SE,Female,31,31-35,West,รองเท้า,Black,L
2026-Jul-29,TP00464,T00369,C0010,F-B-M,"1,500",Min,Female,34,31-35,North,รองเท้า,Black,M
2026-Jul-29,TP00465,T00370,C0001,F-R-L,"1,500",Peace,Female,22,21-25,West,รองเท้า,Red,L
2026-Jul-29,TP00466,T00371,C0005,F-W-L,"1,500",Kim,Female,41,>40,West,รองเท้า,White,L
2026-Jul-29,TP00467,T00371,C0004,F-R-L,"1,500",Jane,Female,30,26-30,East,รองเท้า,Red,L
2026-Jul-29,TP00468,T00372,C0003,F-R-M,"1,500",Ali,Female,36,36-40,East,รองเท้า,Red,M
2026-Jul-29,TP00542,T00436,C0006,F-B-M,"1,500",Tor,Male,26,26-30,North,รองเท้า,Black,M
2026-Jul-29,TP00673,T00567,C0009,B-R-L,1000,Nee,Female,28,26-30,City,กระเป๋า,Red,L
2026-Jul-29,TP00688,T00582,C0004,S-B-M,500,Jane,Female,30,26-30,East,เสื้อ,Black,M
2026-Jul-29,TP00858,T00751,C0007,B-B-L,1000,SE,Female,31,31-35,West,กระเป๋า,Black,L
2026-Jul-29,TP00866,T00759,C0003,B-W-L,1000,Ali,Female,36,36-40,East,กระเป๋า,White,L
2026-Jul-29,TP00973,T00866,C0004,B-R-M,1000,Jane,Female,30,26-30,East,กระเป๋า,Red,M
2026-Jul-28,TP00437,T00348,C0002,F-W-L,"1,500",Cap,Male,27,26-30,West,รองเท้า,White,L
2026-Jul-28,TP00438,T00348,C0008,B-R-M,1000,Nut,Male,36,36-40,South,กระเป๋า,Red,M
2026-Jul-28,TP00439,T00349,C0003,P-B-M,700,Ali,Female,36,36-40,East,กางเกง,Black,M
2026-Jul-28,TP00440,T00350,C0001,S-R-L,500,Peace,Female,22,21-25,West,เสื้อ,Red,L
2026-Jul-28,TP00441,T00350,C0003,P-B-L,700,Ali,Female,36,36-40,East,กางเกง,Black,L
2026-Jul-28,TP00442,T00351,C0005,P-R-L,700,Kim,Female,41,>40,West,กางเกง,Red,L
2026-Jul-28,TP00443,T00352,C0006,F-B-M,"1,500",Tor,Male,26,26-30,North,รองเท้า,Black,M
2026-Jul-28,TP00444,T00353,C0003,F-B-L,"1,500",Ali,Female,36,36-40,East,รองเท้า,Black,L
2026-Jul-28,TP00445,T00353,C0005,S-W-L,500,Kim,Female,41,>40,West,เสื้อ,White,L
2026-Jul-28,TP00446,T00354,C0005,S-R-L,500,Kim,Female,41,>40,West,เสื้อ,Red,L
2026-Jul-28,TP00447,T00355,C0001,F-R-L,"1,500",Peace,Female,22,21-25,West,รองเท้า,Red,L
2026-Jul-28,TP00448,T00356,C0008,F-W-L,"1,500",Nut,Male,36,36-40,South,รองเท้า,White,L
2026-Jul-28,TP00449,T00357,C0003,P-B-L,700,Ali,Female,36,36-40,East,กางเกง,Black,L
2026-Jul-28,TP00450,T00358,C0006,F-W-L,"1,500",Tor,Male,26,26-30,North,รองเท้า,White,L
2026-Jul-28,TP00621,T00515,C0004,B-B-M,1000,Jane,Female,30,26-30,East,กระเป๋า,Black,M
2026-Jul-28,TP00652,T00546,C0007,B-W-M,1000,SE,Female,31,31-35,West,กระเป๋า,White,M
2026-Jul-28,TP00689,T00583,C0001,S-B-L,500,Peace,Female,22,21-25,West,เสื้อ,Black,L
2026-Jul-28,TP00792,T00686,C0010,B-W-M,1000,Min,Female,34,31-35,North,กระเป๋า,White,M
2026-Jul-28,TP00821,T00714,C0007,P-B-L,700,SE,Female,31,31-35,West,กางเกง,Black,L
2026-Jul-28,TP00825,T00718,C0006,S-B-L,500,Tor,Male,26,26-30,North,เสื้อ,Black,L
2026-Jul-28,TP00840,T00733,C0009,F-B-L,"1,500",Nee,Female,28,26-30,City,รองเท้า,Black,L
2026-Jul-28,TP00935,T00828,C0006,S-B-L,500,Tor,Male,26,26-30,North,เสื้อ,Black,L
2026-Jul-28,TP00985,T00878,C0003,F-B-M,"1,500",Ali,Female,36,36-40,East,รองเท้า,Black,M
2026-Jul-27,TP00427,T00341,C0001,B-R-L,1000,Peace,Female,22,21-25,West,กระเป๋า,Red,L
2026-Jul-27,TP00428,T00341,C0004,S-B-L,500,Jane,Female,30,26-30,East,เสื้อ,Black,L
2026-Jul-27,TP00429,T00342,C0010,P-R-M,700,Min,Female,34,31-35,North,กางเกง,Red,M
2026-Jul-27,TP00430,T00343,C0005,B-R-M,1000,Kim,Female,41,>40,West,กระเป๋า,Red,M
2026-Jul-27,TP00431,T00344,C0003,P-B-L,700,Ali,Female,36,36-40,East,กางเกง,Black,L
2026-Jul-27,TP00432,T00344,C0004,F-W-M,"1,500",Jane,Female,30,26-30,East,รองเท้า,White,M
2026-Jul-27,TP00433,T00345,C0002,B-B-M,1000,Cap,Male,27,26-30,West,กระเป๋า,Black,M
2026-Jul-27,TP00434,T00346,C0002,S-B-L,500,Cap,Male,27,26-30,West,เสื้อ,Black,L
2026-Jul-27,TP00435,T00346,C0001,F-W-L,"1,500",Peace,Female,22,21-25,West,รองเท้า,White,L
2026-Jul-27,TP00436,T00347,C0003,F-B-M,"1,500",Ali,Female,36,36-40,East,รองเท้า,Black,M
2026-Jul-27,TP00513,T00407,C0007,F-B-M,"1,500",SE,Female,31,31-35,West,รองเท้า,Black,M
2026-Jul-27,TP00589,T00483,C0001,F-W-M,"1,500",Peace,Female,22,21-25,West,รองเท้า,White,M
2026-Jul-27,TP00597,T00491,C0008,B-R-L,1000,Nut,Male,36,36-40,South,กระเป๋า,Red,L
2026-Jul-27,TP00737,T00631,C0006,F-R-M,"1,500",Tor,Male,26,26-30,North,รองเท้า,Red,M
2026-Jul-27,TP00743,T00637,C0002,F-B-M,"1,500",Cap,Male,27,26-30,West,รองเท้า,Black,M
2026-Jul-27,TP00795,T00689,C0005,S-R-M,500,Kim,Female,41,>40,West,เสื้อ,Red,M
2026-Jul-27,TP00954,T00847,C0001,P-W-M,700,Peace,Female,22,21-25,West,กางเกง,White,M
2026-Jul-27,TP00974,T00867,C0006,S-B-M,500,Tor,Male,26,26-30,North,เสื้อ,Black,M
2026-Jul-26,TP00417,T00333,C0008,B-B-L,1000,Nut,Male,36,36-40,South,กระเป๋า,Black,L
2026-Jul-26,TP00418,T00334,C0004,B-R-L,1000,Jane,Female,30,26-30,East,กระเป๋า,Red,L
2026-Jul-26,TP00419,T00335,C0003,F-B-L,"1,500",Ali,Female,36,36-40,East,รองเท้า,Black,L
2026-Jul-26,TP00420,T00336,C0002,F-R-L,"1,500",Cap,Male,27,26-30,West,รองเท้า,Red,L
2026-Jul-26,TP00421,T00336,C0010,P-B-M,700,Min,Female,34,31-35,North,กางเกง,Black,M
2026-Jul-26,TP00422,T00337,C0007,P-B-L,700,SE,Female,31,31-35,West,กางเกง,Black,L
2026-Jul-26,TP00423,T00338,C0009,F-R-M,"1,500",Nee,Female,28,26-30,City,รองเท้า,Red,M
2026-Jul-26,TP00424,T00338,C0002,P-R-L,700,Cap,Male,27,26-30,West,กางเกง,Red,L
2026-Jul-26,TP00425,T00339,C0003,F-B-L,"1,500",Ali,Female,36,36-40,East,รองเท้า,Black,L
2026-Jul-26,TP00426,T00340,C0001,F-W-L,"1,500",Peace,Female,22,21-25,West,รองเท้า,White,L
2026-Jul-26,TP00532,T00426,C0009,S-B-L,500,Nee,Female,28,26-30,City,เสื้อ,Black,L
2026-Jul-26,TP00568,T00462,C0008,F-W-L,"1,500",Nut,Male,36,36-40,South,รองเท้า,White,L
2026-Jul-26,TP00575,T00469,C0003,S-R-M,500,Ali,Female,36,36-40,East,เสื้อ,Red,M
2026-Jul-26,TP00613,T00507,C0006,S-W-L,500,Tor,Male,26,26-30,North,เสื้อ,White,L
2026-Jul-26,TP00627,T00521,C0010,S-B-M,500,Min,Female,34,31-35,North,เสื้อ,Black,M
2026-Jul-26,TP00684,T00578,C0002,S-B-M,500,Cap,Male,27,26-30,West,เสื้อ,Black,M
2026-Jul-26,TP00702,T00596,C0001,P-B-M,700,Peace,Female,22,21-25,West,กางเกง,Black,M
2026-Jul-26,TP00733,T00627,C0001,F-W-M,"1,500",Peace,Female,22,21-25,West,รองเท้า,White,M
2026-Jul-26,TP00741,T00635,C0003,B-B-L,1000,Ali,Female,36,36-40,East,กระเป๋า,Black,L
2026-Jul-26,TP00808,T00701,C0007,F-B-L,"1,500",SE,Female,31,31-35,West,รองเท้า,Black,L
2026-Jul-26,TP00937,T00830,C0001,S-B-M,500,Peace,Female,22,21-25,West,เสื้อ,Black,M
2026-Jul-26,TP00982,T00875,C0006,S-B-M,500,Tor,Male,26,26-30,North,เสื้อ,Black,M
2026-Jul-26,TP00988,T00881,C0008,P-B-M,700,Nut,Male,36,36-40,South,กางเกง,Black,M
2026-Jul-25,TP00404,T00321,C0003,S-W-L,500,Ali,Female,36,36-40,East,เสื้อ,White,L
2026-Jul-25,TP00405,T00322,C0010,B-R-M,1000,Min,Female,34,31-35,North,กระเป๋า,Red,M
2026-Jul-25,TP00406,T00322,C0002,S-B-M,500,Cap,Male,27,26-30,West,เสื้อ,Black,M
2026-Jul-25,TP00407,T00323,C0005,P-R-L,700,Kim,Female,41,>40,West,กางเกง,Red,L
2026-Jul-25,TP00408,T00324,C0001,S-B-M,500,Peace,Female,22,21-25,West,เสื้อ,Black,M
2026-Jul-25,TP00409,T00325,C0001,F-W-M,"1,500",Peace,Female,22,21-25,West,รองเท้า,White,M
2026-Jul-25,TP00410,T00326,C0008,P-B-M,700,Nut,Male,36,36-40,South,กางเกง,Black,M
2026-Jul-25,TP00411,T00327,C0008,B-R-M,1000,Nut,Male,36,36-40,South,กระเป๋า,Red,M
2026-Jul-25,TP00412,T00328,C0006,S-B-M,500,Tor,Male,26,26-30,North,เสื้อ,Black,M
2026-Jul-25,TP00413,T00329,C0003,B-B-L,1000,Ali,Female,36,36-40,East,กระเป๋า,Black,L
2026-Jul-25,TP00414,T00330,C0003,P-R-L,700,Ali,Female,36,36-40,East,กางเกง,Red,L
2026-Jul-25,TP00415,T00331,C0007,F-B-L,"1,500",SE,Female,31,31-35,West,รองเท้า,Black,L
2026-Jul-25,TP00416,T00332,C0009,S-W-L,500,Nee,Female,28,26-30,City,เสื้อ,White,L
2026-Jul-25,TP00590,T00484,C0006,F-B-M,"1,500",Tor,Male,26,26-30,North,รองเท้า,Black,M
2026-Jul-25,TP00603,T00497,C0005,F-R-L,"1,500",Kim,Female,41,>40,West,รองเท้า,Red,L
2026-Jul-25,TP00615,T00509,C0004,P-W-M,700,Jane,Female,30,26-30,East,กางเกง,White,M
2026-Jul-25,TP00694,T00588,C0009,S-R-M,500,Nee,Female,28,26-30,City,เสื้อ,Red,M
2026-Jul-25,TP00698,T00592,C0003,P-W-L,700,Ali,Female,36,36-40,East,กางเกง,White,L
2026-Jul-25,TP00750,T00644,C0006,B-R-M,1000,Tor,Male,26,26-30,North,กระเป๋า,Red,M
2026-Jul-25,TP00829,T00722,C0004,F-W-M,"1,500",Jane,Female,30,26-30,East,รองเท้า,White,M
2026-Jul-25,TP00835,T00728,C0009,F-W-L,"1,500",Nee,Female,28,26-30,City,รองเท้า,White,L
2026-Jul-25,TP00863,T00756,C0006,F-R-L,"1,500",Tor,Male,26,26-30,North,รองเท้า,Red,L
2026-Jul-25,TP00882,T00775,C0008,B-W-M,1000,Nut,Male,36,36-40,South,กระเป๋า,White,M
2026-Jul-25,TP00942,T00835,C0002,F-W-L,"1,500",Cap,Male,27,26-30,West,รองเท้า,White,L
2026-Jul-25,TP00971,T00864,C0001,P-B-L,700,Peace,Female,22,21-25,West,กางเกง,Black,L
2026-Jul-25,TP00976,T00869,C0003,B-R-L,1000,Ali,Female,36,36-40,East,กระเป๋า,Red,L
2026-Jul-24,TP00393,T00311,C0003,P-W-L,700,Ali,Female,36,36-40,East,กางเกง,White,L
2026-Jul-24,TP00394,T00312,C0009,S-R-L,500,Nee,Female,28,26-30,City,เสื้อ,Red,L
2026-Jul-24,TP00395,T00312,C0003,B-B-L,1000,Ali,Female,36,36-40,East,กระเป๋า,Black,L
2026-Jul-24,TP00396,T00313,C0009,F-R-L,"1,500",Nee,Female,28,26-30,City,รองเท้า,Red,L
2026-Jul-24,TP00397,T00314,C0004,S-B-L,500,Jane,Female,30,26-30,East,เสื้อ,Black,L
2026-Jul-24,TP00398,T00315,C0001,F-B-L,"1,500",Peace,Female,22,21-25,West,รองเท้า,Black,L
2026-Jul-24,TP00399,T00316,C0004,P-B-L,700,Jane,Female,30,26-30,East,กางเกง,Black,L
2026-Jul-24,TP00400,T00317,C0002,P-B-M,700,Cap,Male,27,26-30,West,กางเกง,Black,M
2026-Jul-24,TP00401,T00318,C0004,P-B-M,700,Jane,Female,30,26-30,East,กางเกง,Black,M
2026-Jul-24,TP00402,T00319,C0008,F-B-L,"1,500",Nut,Male,36,36-40,South,รองเท้า,Black,L
2026-Jul-24,TP00403,T00320,C0002,S-B-L,500,Cap,Male,27,26-30,West,เสื้อ,Black,L
2026-Jul-24,TP00564,T00458,C0010,F-B-M,"1,500",Min,Female,34,31-35,North,รองเท้า,Black,M
2026-Jul-24,TP00660,T00554,C0001,B-W-M,1000,Peace,Female,22,21-25,West,กระเป๋า,White,M
2026-Jul-24,TP00704,T00598,C0005,F-B-M,"1,500",Kim,Female,41,>40,West,รองเท้า,Black,M
2026-Jul-24,TP00705,T00599,C0003,B-B-M,1000,Ali,Female,36,36-40,East,กระเป๋า,Black,M
2026-Jul-24,TP00765,T00659,C0009,F-R-L,"1,500",Nee,Female,28,26-30,City,รองเท้า,Red,L
2026-Jul-24,TP00783,T00677,C0005,B-R-M,1000,Kim,Female,41,>40,West,กระเป๋า,Red,M
2026-Jul-24,TP00791,T00685,C0009,P-R-L,700,Nee,Female,28,26-30,City,กางเกง,Red,L
2026-Jul-24,TP00874,T00767,C0008,P-B-M,700,Nut,Male,36,36-40,South,กางเกง,Black,M
2026-Jul-24,TP00894,T00787,C0003,F-R-M,"1,500",Ali,Female,36,36-40,East,รองเท้า,Red,M
2026-Jul-24,TP00919,T00812,C0003,B-B-L,1000,Ali,Female,36,36-40,East,กระเป๋า,Black,L
2026-Jul-23,TP00380,T00301,C0002,S-B-L,500,Cap,Male,27,26-30,West,เสื้อ,Black,L
2026-Jul-23,TP00381,T00302,C0003,B-W-M,1000,Ali,Female,36,36-40,East,กระเป๋า,White,M
2026-Jul-23,TP00382,T00302,C0009,B-B-M,1000,Nee,Female,28,26-30,City,กระเป๋า,Black,M
2026-Jul-23,TP00383,T00303,C0009,P-W-L,700,Nee,Female,28,26-30,City,กางเกง,White,L
2026-Jul-23,TP00384,T00304,C0006,S-B-M,500,Tor,Male,26,26-30,North,เสื้อ,Black,M
2026-Jul-23,TP00385,T00305,C0006,P-B-L,700,Tor,Male,26,26-30,North,กางเกง,Black,L
2026-Jul-23,TP00386,T00306,C0010,P-R-M,700,Min,Female,34,31-35,North,กางเกง,Red,M
2026-Jul-23,TP00387,T00307,C0001,B-W-M,1000,Peace,Female,22,21-25,West,กระเป๋า,White,M
2026-Jul-23,TP00388,T00308,C0001,F-R-L,"1,500",Peace,Female,22,21-25,West,รองเท้า,Red,L
2026-Jul-23,TP00389,T00308,C0005,S-B-M,500,Kim,Female,41,>40,West,เสื้อ,Black,M
2026-Jul-23,TP00390,T00308,C0010,B-B-L,1000,Min,Female,34,31-35,North,กระเป๋า,Black,L
2026-Jul-23,TP00391,T00309,C0009,P-R-M,700,Nee,Female,28,26-30,City,กางเกง,Red,M
2026-Jul-23,TP00392,T00310,C0009,B-B-L,1000,Nee,Female,28,26-30,City,กระเป๋า,Black,L
2026-Jul-23,TP00510,T00404,C0007,S-B-M,500,SE,Female,31,31-35,West,เสื้อ,Black,M
2026-Jul-23,TP00514,T00408,C0006,F-B-M,"1,500",Tor,Male,26,26-30,North,รองเท้า,Black,M
2026-Jul-23,TP00548,T00442,C0010,P-B-M,700,Min,Female,34,31-35,North,กางเกง,Black,M
2026-Jul-23,TP00600,T00494,C0007,S-B-L,500,SE,Female,31,31-35,West,เสื้อ,Black,L
2026-Jul-23,TP00617,T00511,C0008,S-R-L,500,Nut,Male,36,36-40,South,เสื้อ,Red,L
2026-Jul-23,TP00662,T00556,C0004,B-R-L,1000,Jane,Female,30,26-30,East,กระเป๋า,Red,L
2026-Jul-23,TP00668,T00562,C0001,P-W-L,700,Peace,Female,22,21-25,West,กางเกง,White,L
2026-Jul-23,TP00676,T00570,C0004,P-B-L,700,Jane,Female,30,26-30,East,กางเกง,Black,L
2026-Jul-23,TP00713,T00607,C0007,S-R-L,500,SE,Female,31,31-35,West,เสื้อ,Red,L
2026-Jul-23,TP00724,T00618,C0004,S-B-L,500,Jane,Female,30,26-30,East,เสื้อ,Black,L
2026-Jul-23,TP00726,T00620,C0009,F-W-L,"1,500",Nee,Female,28,26-30,City,รองเท้า,White,L
2026-Jul-23,TP00757,T00651,C0005,F-W-M,"1,500",Kim,Female,41,>40,West,รองเท้า,White,M
2026-Jul-23,TP00826,T00719,C0007,P-B-M,700,SE,Female,31,31-35,West,กางเกง,Black,M
2026-Jul-23,TP00837,T00730,C0008,P-R-M,700,Nut,Male,36,36-40,South,กางเกง,Red,M
2026-Jul-23,TP00869,T00762,C0006,S-B-L,500,Tor,Male,26,26-30,North,เสื้อ,Black,L
2026-Jul-23,TP00875,T00768,C0002,P-B-M,700,Cap,Male,27,26-30,West,กางเกง,Black,M
2026-Jul-23,TP00941,T00834,C0001,P-W-M,700,Peace,Female,22,21-25,West,กางเกง,White,M
2026-Jul-23,TP00962,T00855,C0008,F-B-L,"1,500",Nut,Male,36,36-40,South,รองเท้า,Black,L
2026-Jul-23,TP00984,T00877,C0008,S-R-L,500,Nut,Male,36,36-40,South,เสื้อ,Red,L
2026-Jul-23,TP00991,T00884,C0004,S-R-L,500,Jane,Female,30,26-30,East,เสื้อ,Red,L
2026-Jul-23,TP00993,T00886,C0008,F-R-M,"1,500",Nut,Male,36,36-40,South,รองเท้า,Red,M
2026-Jul-22,TP00371,T00294,C0005,B-B-L,1000,Kim,Female,41,>40,West,กระเป๋า,Black,L
2026-Jul-22,TP00372,T00295,C0005,B-B-L,1000,Kim,Female,41,>40,West,กระเป๋า,Black,L
2026-Jul-22,TP00373,T00295,C0007,B-B-L,1000,SE,Female,31,31-35,West,กระเป๋า,Black,L
2026-Jul-22,TP00374,T00296,C0004,F-B-L,"1,500",Jane,Female,30,26-30,East,รองเท้า,Black,L
2026-Jul-22,TP00375,T00296,C0006,P-R-L,700,Tor,Male,26,26-30,North,กางเกง,Red,L
2026-Jul-22,TP00376,T00297,C0010,P-B-M,700,Min,Female,34,31-35,North,กางเกง,Black,M
2026-Jul-22,TP00377,T00298,C0003,P-B-L,700,Ali,Female,36,36-40,East,กางเกง,Black,L
2026-Jul-22,TP00378,T00299,C0001,P-B-M,700,Peace,Female,22,21-25,West,กางเกง,Black,M
2026-Jul-22,TP00379,T00300,C0005,P-W-M,700,Kim,Female,41,>40,West,กางเกง,White,M
2026-Jul-22,TP00699,T00593,C0006,B-R-M,1000,Tor,Male,26,26-30,North,กระเป๋า,Red,M
2026-Jul-22,TP00731,T00625,C0009,P-R-M,700,Nee,Female,28,26-30,City,กางเกง,Red,M
2026-Jul-22,TP00746,T00640,C0003,B-B-M,1000,Ali,Female,36,36-40,East,กระเป๋า,Black,M
2026-Jul-22,TP00759,T00653,C0008,F-R-L,"1,500",Nut,Male,36,36-40,South,รองเท้า,Red,L
2026-Jul-22,TP00780,T00674,C0008,P-W-L,700,Nut,Male,36,36-40,South,กางเกง,White,L
2026-Jul-22,TP00811,T00704,C0003,S-R-L,500,Ali,Female,36,36-40,East,เสื้อ,Red,L
2026-Jul-22,TP00843,T00736,C0003,B-W-M,1000,Ali,Female,36,36-40,East,กระเป๋า,White,M
2026-Jul-22,TP00857,T00750,C0003,P-B-L,700,Ali,Female,36,36-40,East,กางเกง,Black,L
2026-Jul-22,TP00879,T00772,C0004,B-R-M,1000,Jane,Female,30,26-30,East,กระเป๋า,Red,M
2026-Jul-22,TP00948,T00841,C0009,S-R-M,500,Nee,Female,28,26-30,City,เสื้อ,Red,M
2026-Jul-22,TP00964,T00857,C0003,F-R-L,"1,500",Ali,Female,36,36-40,East,รองเท้า,Red,L
2026-Jul-22,TP00966,T00859,C0005,F-W-M,"1,500",Kim,Female,41,>40,West,รองเท้า,White,M
2026-Jul-22,TP00967,T00860,C0009,F-B-M,"1,500",Nee,Female,28,26-30,City,รองเท้า,Black,M
2026-Jul-22,TP00969,T00862,C0002,B-R-M,1000,Cap,Male,27,26-30,West,กระเป๋า,Red,M
2026-Jul-22,TP00987,T00880,C0003,B-B-L,1000,Ali,Female,36,36-40,East,กระเป๋า,Black,L
2026-Jul-21,TP00363,T00287,C0006,F-W-L,"1,500",Tor,Male,26,26-30,North,รองเท้า,White,L
2026-Jul-21,TP00364,T00288,C0006,F-W-M,"1,500",Tor,Male,26,26-30,North,รองเท้า,White,M
2026-Jul-21,TP00365,T00289,C0009,B-B-M,1000,Nee,Female,28,26-30,City,กระเป๋า,Black,M
2026-Jul-21,TP00366,T00290,C0006,S-B-L,500,Tor,Male,26,26-30,North,เสื้อ,Black,L
2026-Jul-21,TP00367,T00290,C0006,S-R-M,500,Tor,Male,26,26-30,North,เสื้อ,Red,M
2026-Jul-21,TP00368,T00291,C0009,P-B-M,700,Nee,Female,28,26-30,City,กางเกง,Black,M
2026-Jul-21,TP00369,T00292,C0006,F-R-M,"1,500",Tor,Male,26,26-30,North,รองเท้า,Red,M
2026-Jul-21,TP00370,T00293,C0010,F-R-L,"1,500",Min,Female,34,31-35,North,รองเท้า,Red,L
2026-Jul-21,TP00554,T00448,C0005,P-W-L,700,Kim,Female,41,>40,West,กางเกง,White,L
2026-Jul-21,TP00584,T00478,C0010,P-R-M,700,Min,Female,34,31-35,North,กางเกง,Red,M
2026-Jul-21,TP00604,T00498,C0007,S-R-L,500,SE,Female,31,31-35,West,เสื้อ,Red,L
2026-Jul-21,TP00641,T00535,C0002,S-B-M,500,Cap,Male,27,26-30,West,เสื้อ,Black,M
2026-Jul-21,TP00669,T00563,C0005,P-B-L,700,Kim,Female,41,>40,West,กางเกง,Black,L
2026-Jul-21,TP00706,T00600,C0001,S-B-M,500,Peace,Female,22,21-25,West,เสื้อ,Black,M
2026-Jul-21,TP00752,T00646,C0009,P-R-L,700,Nee,Female,28,26-30,City,กางเกง,Red,L
2026-Jul-21,TP00779,T00673,C0008,S-B-L,500,Nut,Male,36,36-40,South,เสื้อ,Black,L
2026-Jul-21,TP00784,T00678,C0004,B-R-L,1000,Jane,Female,30,26-30,East,กระเป๋า,Red,L
2026-Jul-21,TP00859,T00752,C0009,S-R-M,500,Nee,Female,28,26-30,City,เสื้อ,Red,M
2026-Jul-21,TP00961,T00854,C0010,S-W-M,500,Min,Female,34,31-35,North,เสื้อ,White,M
2026-Jul-21,TP00970,T00863,C0004,S-B-M,500,Jane,Female,30,26-30,East,เสื้อ,Black,M
2026-Jul-21,TP00990,T00883,C0009,F-B-M,"1,500",Nee,Female,28,26-30,City,รองเท้า,Black,M
2026-Jul-20,TP00350,T00277,C0007,F-R-L,"1,500",SE,Female,31,31-35,West,รองเท้า,Red,L
2026-Jul-20,TP00351,T00277,C0003,B-W-M,1000,Ali,Female,36,36-40,East,กระเป๋า,White,M
2026-Jul-20,TP00352,T00278,C0005,B-W-M,1000,Kim,Female,41,>40,West,กระเป๋า,White,M
2026-Jul-20,TP00353,T00279,C0009,F-B-L,"1,500",Nee,Female,28,26-30,City,รองเท้า,Black,L
2026-Jul-20,TP00354,T00280,C0002,B-B-M,1000,Cap,Male,27,26-30,West,กระเป๋า,Black,M
2026-Jul-20,TP00355,T00280,C0005,P-B-M,700,Kim,Female,41,>40,West,กางเกง,Black,M
2026-Jul-20,TP00356,T00281,C0008,B-B-L,1000,Nut,Male,36,36-40,South,กระเป๋า,Black,L
2026-Jul-20,TP00357,T00282,C0008,S-W-L,500,Nut,Male,36,36-40,South,เสื้อ,White,L
2026-Jul-20,TP00358,T00283,C0010,S-B-M,500,Min,Female,34,31-35,North,เสื้อ,Black,M
2026-Jul-20,TP00359,T00284,C0003,P-R-L,700,Ali,Female,36,36-40,East,กางเกง,Red,L
2026-Jul-20,TP00360,T00285,C0005,F-R-L,"1,500",Kim,Female,41,>40,West,รองเท้า,Red,L
2026-Jul-20,TP00361,T00286,C0001,P-W-M,700,Peace,Female,22,21-25,West,กางเกง,White,M
2026-Jul-20,TP00362,T00286,C0003,S-B-M,500,Ali,Female,36,36-40,East,เสื้อ,Black,M
2026-Jul-20,TP00546,T00440,C0006,F-B-L,"1,500",Tor,Male,26,26-30,North,รองเท้า,Black,L
2026-Jul-20,TP00560,T00454,C0002,B-R-M,1000,Cap,Male,27,26-30,West,กระเป๋า,Red,M
2026-Jul-20,TP00581,T00475,C0002,S-B-M,500,Cap,Male,27,26-30,West,เสื้อ,Black,M
2026-Jul-20,TP00588,T00482,C0003,S-R-M,500,Ali,Female,36,36-40,East,เสื้อ,Red,M
2026-Jul-20,TP00607,T00501,C0001,P-B-M,700,Peace,Female,22,21-25,West,กางเกง,Black,M
2026-Jul-20,TP00707,T00601,C0001,B-B-L,1000,Peace,Female,22,21-25,West,กระเป๋า,Black,L
2026-Jul-20,TP00790,T00684,C0003,F-W-M,"1,500",Ali,Female,36,36-40,East,รองเท้า,White,M
2026-Jul-20,TP00888,T00781,C0010,P-B-L,700,Min,Female,34,31-35,North,กางเกง,Black,L
2026-Jul-20,TP00892,T00785,C0010,F-W-L,"1,500",Min,Female,34,31-35,North,รองเท้า,White,L
2026-Jul-19,TP00336,T00266,C0010,S-R-M,500,Min,Female,34,31-35,North,เสื้อ,Red,M
2026-Jul-19,TP00337,T00266,C0010,B-W-L,1000,Min,Female,34,31-35,North,กระเป๋า,White,L
2026-Jul-19,TP00338,T00267,C0009,S-R-L,500,Nee,Female,28,26-30,City,เสื้อ,Red,L
2026-Jul-19,TP00339,T00267,C0004,B-B-M,1000,Jane,Female,30,26-30,East,กระเป๋า,Black,M
2026-Jul-19,TP00340,T00268,C0008,P-B-M,700,Nut,Male,36,36-40,South,กางเกง,Black,M
2026-Jul-19,TP00341,T00269,C0007,B-W-M,1000,SE,Female,31,31-35,West,กระเป๋า,White,M
2026-Jul-19,TP00342,T00270,C0006,S-R-L,500,Tor,Male,26,26-30,North,เสื้อ,Red,L
2026-Jul-19,TP00343,T00271,C0008,F-B-M,"1,500",Nut,Male,36,36-40,South,รองเท้า,Black,M
2026-Jul-19,TP00344,T00271,C0008,F-W-M,"1,500",Nut,Male,36,36-40,South,รองเท้า,White,M
2026-Jul-19,TP00345,T00272,C0007,S-B-L,500,SE,Female,31,31-35,West,เสื้อ,Black,L
2026-Jul-19,TP00346,T00273,C0001,F-B-M,"1,500",Peace,Female,22,21-25,West,รองเท้า,Black,M
2026-Jul-19,TP00347,T00274,C0004,B-R-M,1000,Jane,Female,30,26-30,East,กระเป๋า,Red,M
2026-Jul-19,TP00348,T00275,C0010,P-R-M,700,Min,Female,34,31-35,North,กางเกง,Red,M
2026-Jul-19,TP00349,T00276,C0010,P-B-M,700,Min,Female,34,31-35,North,กางเกง,Black,M
2026-Jul-19,TP00509,T00403,C0003,B-W-L,1000,Ali,Female,36,36-40,East,กระเป๋า,White,L
2026-Jul-19,TP00529,T00423,C0005,S-R-L,500,Kim,Female,41,>40,West,เสื้อ,Red,L
2026-Jul-19,TP00580,T00474,C0009,F-R-L,"1,500",Nee,Female,28,26-30,City,รองเท้า,Red,L
2026-Jul-19,TP00736,T00630,C0009,B-W-L,1000,Nee,Female,28,26-30,City,กระเป๋า,White,L
2026-Jul-19,TP00771,T00665,C0007,P-R-M,700,SE,Female,31,31-35,West,กางเกง,Red,M
2026-Jul-19,TP00828,T00721,C0004,P-R-M,700,Jane,Female,30,26-30,East,กางเกง,Red,M
2026-Jul-19,TP00853,T00746,C0008,P-B-L,700,Nut,Male,36,36-40,South,กางเกง,Black,L
2026-Jul-19,TP00878,T00771,C0004,S-B-M,500,Jane,Female,30,26-30,East,เสื้อ,Black,M
2026-Jul-19,TP00932,T00825,C0007,B-R-L,1000,SE,Female,31,31-35,West,กระเป๋า,Red,L
2026-Jul-19,TP00933,T00826,C0003,B-B-L,1000,Ali,Female,36,36-40,East,กระเป๋า,Black,L
2026-Jul-19,TP00968,T00861,C0004,B-B-M,1000,Jane,Female,30,26-30,East,กระเป๋า,Black,M
2026-Jul-18,TP00322,T00254,C0008,B-R-L,1000,Nut,Male,36,36-40,South,กระเป๋า,Red,L
2026-Jul-18,TP00323,T00255,C0006,S-R-L,500,Tor,Male,26,26-30,North,เสื้อ,Red,L
2026-Jul-18,TP00324,T00256,C0002,S-R-M,500,Cap,Male,27,26-30,West,เสื้อ,Red,M
2026-Jul-18,TP00325,T00256,C0006,B-R-L,1000,Tor,Male,26,26-30,North,กระเป๋า,Red,L
2026-Jul-18,TP00326,T00257,C0005,F-R-M,"1,500",Kim,Female,41,>40,West,รองเท้า,Red,M
2026-Jul-18,TP00327,T00258,C0003,F-B-L,"1,500",Ali,Female,36,36-40,East,รองเท้า,Black,L
2026-Jul-18,TP00328,T00259,C0003,S-W-L,500,Ali,Female,36,36-40,East,เสื้อ,White,L
2026-Jul-18,TP00329,T00259,C0007,B-W-M,1000,SE,Female,31,31-35,West,กระเป๋า,White,M
2026-Jul-18,TP00330,T00260,C0003,F-W-M,"1,500",Ali,Female,36,36-40,East,รองเท้า,White,M
2026-Jul-18,TP00331,T00261,C0002,F-B-M,"1,500",Cap,Male,27,26-30,West,รองเท้า,Black,M
2026-Jul-18,TP00332,T00262,C0006,B-R-L,1000,Tor,Male,26,26-30,North,กระเป๋า,Red,L
2026-Jul-18,TP00333,T00263,C0001,P-B-L,700,Peace,Female,22,21-25,West,กางเกง,Black,L
2026-Jul-18,TP00334,T00264,C0005,B-W-M,1000,Kim,Female,41,>40,West,กระเป๋า,White,M
2026-Jul-18,TP00335,T00265,C0003,P-R-L,700,Ali,Female,36,36-40,East,กางเกง,Red,L
2026-Jul-18,TP00549,T00443,C0007,F-W-M,"1,500",SE,Female,31,31-35,West,รองเท้า,White,M
2026-Jul-18,TP00594,T00488,C0006,B-W-L,1000,Tor,Male,26,26-30,North,กระเป๋า,White,L
2026-Jul-18,TP00656,T00550,C0005,B-B-M,1000,Kim,Female,41,>40,West,กระเป๋า,Black,M
2026-Jul-18,TP00700,T00594,C0005,B-B-L,1000,Kim,Female,41,>40,West,กระเป๋า,Black,L
2026-Jul-18,TP00789,T00683,C0003,F-B-M,"1,500",Ali,Female,36,36-40,East,รองเท้า,Black,M
2026-Jul-18,TP00798,T00692,C0003,P-B-M,700,Ali,Female,36,36-40,East,กางเกง,Black,M
2026-Jul-18,TP00842,T00735,C0008,F-B-M,"1,500",Nut,Male,36,36-40,South,รองเท้า,Black,M
2026-Jul-18,TP00846,T00739,C0008,B-W-L,1000,Nut,Male,36,36-40,South,กระเป๋า,White,L
2026-Jul-18,TP00870,T00763,C0010,F-R-L,"1,500",Min,Female,34,31-35,North,รองเท้า,Red,L
2026-Jul-18,TP00903,T00796,C0001,P-B-L,700,Peace,Female,22,21-25,West,กางเกง,Black,L
2026-Jul-18,TP00922,T00815,C0006,B-R-L,1000,Tor,Male,26,26-30,North,กระเป๋า,Red,L
2026-Jul-18,TP00995,T00888,C0002,S-B-M,500,Cap,Male,27,26-30,West,เสื้อ,Black,M
2026-Jul-17,TP00312,T00245,C0005,S-R-M,500,Kim,Female,41,>40,West,เสื้อ,Red,M
2026-Jul-17,TP00313,T00246,C0003,P-R-L,700,Ali,Female,36,36-40,East,กางเกง,Red,L
2026-Jul-17,TP00314,T00247,C0001,P-W-M,700,Peace,Female,22,21-25,West,กางเกง,White,M
2026-Jul-17,TP00315,T00248,C0001,F-R-L,"1,500",Peace,Female,22,21-25,West,รองเท้า,Red,L
2026-Jul-17,TP00316,T00248,C0004,S-R-M,500,Jane,Female,30,26-30,East,เสื้อ,Red,M
2026-Jul-17,TP00317,T00249,C0002,S-R-L,500,Cap,Male,27,26-30,West,เสื้อ,Red,L
2026-Jul-17,TP00318,T00250,C0006,B-B-L,1000,Tor,Male,26,26-30,North,กระเป๋า,Black,L
2026-Jul-17,TP00319,T00251,C0010,F-B-L,"1,500",Min,Female,34,31-35,North,รองเท้า,Black,L
2026-Jul-17,TP00320,T00252,C0003,B-B-L,1000,Ali,Female,36,36-40,East,กระเป๋า,Black,L
2026-Jul-17,TP00321,T00253,C0007,P-B-L,700,SE,Female,31,31-35,West,กางเกง,Black,L
2026-Jul-17,TP00523,T00417,C0006,P-B-M,700,Tor,Male,26,26-30,North,กางเกง,Black,M
2026-Jul-17,TP00566,T00460,C0010,B-B-M,1000,Min,Female,34,31-35,North,กระเป๋า,Black,M
2026-Jul-17,TP00625,T00519,C0005,P-R-M,700,Kim,Female,41,>40,West,กางเกง,Red,M
2026-Jul-17,TP00664,T00558,C0006,S-B-L,500,Tor,Male,26,26-30,North,เสื้อ,Black,L
2026-Jul-17,TP00690,T00584,C0006,F-W-M,"1,500",Tor,Male,26,26-30,North,รองเท้า,White,M
2026-Jul-17,TP00717,T00611,C0006,P-B-L,700,Tor,Male,26,26-30,North,กางเกง,Black,L
2026-Jul-17,TP00739,T00633,C0001,P-R-L,700,Peace,Female,22,21-25,West,กางเกง,Red,L
2026-Jul-17,TP00744,T00638,C0003,S-B-M,500,Ali,Female,36,36-40,East,เสื้อ,Black,M
2026-Jul-17,TP00801,T00694,C0006,B-B-L,1000,Tor,Male,26,26-30,North,กระเป๋า,Black,L
2026-Jul-17,TP00833,T00726,C0009,P-R-M,700,Nee,Female,28,26-30,City,กางเกง,Red,M
2026-Jul-17,TP00856,T00749,C0007,P-B-M,700,SE,Female,31,31-35,West,กางเกง,Black,M
2026-Jul-17,TP00867,T00760,C0010,P-R-L,700,Min,Female,34,31-35,North,กางเกง,Red,L
2026-Jul-17,TP00896,T00789,C0006,F-B-M,"1,500",Tor,Male,26,26-30,North,รองเท้า,Black,M
2026-Jul-17,TP00925,T00818,C0006,P-W-M,700,Tor,Male,26,26-30,North,กางเกง,White,M
2026-Jul-17,TP00979,T00872,C0008,P-R-L,700,Nut,Male,36,36-40,South,กางเกง,Red,L
2026-Jul-16,TP00302,T00236,C0009,B-R-L,1000,Nee,Female,28,26-30,City,กระเป๋า,Red,L
2026-Jul-16,TP00303,T00237,C0001,P-W-M,700,Peace,Female,22,21-25,West,กางเกง,White,M
2026-Jul-16,TP00304,T00238,C0004,B-B-M,1000,Jane,Female,30,26-30,East,กระเป๋า,Black,M
2026-Jul-16,TP00305,T00239,C0007,B-R-L,1000,SE,Female,31,31-35,West,กระเป๋า,Red,L
2026-Jul-16,TP00306,T00240,C0002,F-R-M,"1,500",Cap,Male,27,26-30,West,รองเท้า,Red,M
2026-Jul-16,TP00307,T00241,C0003,S-B-L,500,Ali,Female,36,36-40,East,เสื้อ,Black,L
2026-Jul-16,TP00308,T00242,C0009,P-B-M,700,Nee,Female,28,26-30,City,กางเกง,Black,M
2026-Jul-16,TP00309,T00243,C0007,S-R-M,500,SE,Female,31,31-35,West,เสื้อ,Red,M
2026-Jul-16,TP00310,T00244,C0004,S-W-M,500,Jane,Female,30,26-30,East,เสื้อ,White,M
2026-Jul-16,TP00311,T00244,C0004,S-R-L,500,Jane,Female,30,26-30,East,เสื้อ,Red,L
2026-Jul-16,TP00503,T00397,C0002,S-W-L,500,Cap,Male,27,26-30,West,เสื้อ,White,L
2026-Jul-16,TP00550,T00444,C0002,P-B-L,700,Cap,Male,27,26-30,West,กางเกง,Black,L
2026-Jul-16,TP00573,T00467,C0003,P-B-M,700,Ali,Female,36,36-40,East,กางเกง,Black,M
2026-Jul-16,TP00599,T00493,C0005,P-B-M,700,Kim,Female,41,>40,West,กางเกง,Black,M
2026-Jul-16,TP00711,T00605,C0005,F-B-M,"1,500",Kim,Female,41,>40,West,รองเท้า,Black,M
2026-Jul-16,TP00715,T00609,C0005,F-W-L,"1,500",Kim,Female,41,>40,West,รองเท้า,White,L
2026-Jul-16,TP00804,T00697,C0007,F-B-L,"1,500",SE,Female,31,31-35,West,รองเท้า,Black,L
2026-Jul-16,TP00807,T00700,C0010,P-W-M,700,Min,Female,34,31-35,North,กางเกง,White,M
2026-Jul-16,TP00994,T00887,C0010,S-W-M,500,Min,Female,34,31-35,North,เสื้อ,White,M
2026-Jul-15,TP00297,T00231,C0009,P-B-M,700,Nee,Female,28,26-30,City,กางเกง,Black,M
2026-Jul-15,TP00298,T00232,C0010,P-B-M,700,Min,Female,34,31-35,North,กางเกง,Black,M
2026-Jul-15,TP00299,T00233,C0003,B-B-M,1000,Ali,Female,36,36-40,East,กระเป๋า,Black,M
2026-Jul-15,TP00300,T00234,C0004,F-B-M,"1,500",Jane,Female,30,26-30,East,รองเท้า,Black,M
2026-Jul-15,TP00301,T00235,C0004,B-W-L,1000,Jane,Female,30,26-30,East,กระเป๋า,White,L
2026-Jul-15,TP00516,T00410,C0001,F-R-M,"1,500",Peace,Female,22,21-25,West,รองเท้า,Red,M
2026-Jul-15,TP00571,T00465,C0001,B-B-M,1000,Peace,Female,22,21-25,West,กระเป๋า,Black,M
2026-Jul-15,TP00605,T00499,C0008,P-B-L,700,Nut,Male,36,36-40,South,กางเกง,Black,L
2026-Jul-15,TP00636,T00530,C0009,F-W-L,"1,500",Nee,Female,28,26-30,City,รองเท้า,White,L
2026-Jul-15,TP00643,T00537,C0007,B-W-M,1000,SE,Female,31,31-35,West,กระเป๋า,White,M
2026-Jul-15,TP00644,T00538,C0008,P-B-L,700,Nut,Male,36,36-40,South,กางเกง,Black,L
2026-Jul-15,TP00742,T00636,C0004,F-W-L,"1,500",Jane,Female,30,26-30,East,รองเท้า,White,L
2026-Jul-15,TP00898,T00791,C0006,P-W-L,700,Tor,Male,26,26-30,North,กางเกง,White,L
2026-Jul-15,TP00981,T00874,C0005,B-R-L,1000,Kim,Female,41,>40,West,กระเป๋า,Red,L
2026-Jul-14,TP00286,T00222,C0003,S-W-M,500,Ali,Female,36,36-40,East,เสื้อ,White,M
2026-Jul-14,TP00287,T00223,C0004,B-W-L,1000,Jane,Female,30,26-30,East,กระเป๋า,White,L
2026-Jul-14,TP00288,T00224,C0009,S-W-L,500,Nee,Female,28,26-30,City,เสื้อ,White,L
2026-Jul-14,TP00289,T00224,C0006,P-B-M,700,Tor,Male,26,26-30,North,กางเกง,Black,M
2026-Jul-14,TP00290,T00225,C0005,P-B-M,700,Kim,Female,41,>40,West,กางเกง,Black,M
2026-Jul-14,TP00291,T00226,C0001,S-B-M,500,Peace,Female,22,21-25,West,เสื้อ,Black,M
2026-Jul-14,TP00292,T00227,C0008,S-B-L,500,Nut,Male,36,36-40,South,เสื้อ,Black,L
2026-Jul-14,TP00293,T00228,C0002,P-W-L,700,Cap,Male,27,26-30,West,กางเกง,White,L
2026-Jul-14,TP00294,T00229,C0004,P-B-M,700,Jane,Female,30,26-30,East,กางเกง,Black,M
2026-Jul-14,TP00295,T00230,C0009,S-R-L,500,Nee,Female,28,26-30,City,เสื้อ,Red,L
2026-Jul-14,TP00296,T00230,C0003,B-R-M,1000,Ali,Female,36,36-40,East,กระเป๋า,Red,M
2026-Jul-14,TP00502,T00396,C0004,P-B-M,700,Jane,Female,30,26-30,East,กางเกง,Black,M
2026-Jul-14,TP00539,T00433,C0001,F-W-M,"1,500",Peace,Female,22,21-25,West,รองเท้า,White,M
2026-Jul-14,TP00558,T00452,C0001,S-B-L,500,Peace,Female,22,21-25,West,เสื้อ,Black,L
2026-Jul-14,TP00577,T00471,C0002,F-B-M,"1,500",Cap,Male,27,26-30,West,รองเท้า,Black,M
2026-Jul-14,TP00623,T00517,C0005,P-B-L,700,Kim,Female,41,>40,West,กางเกง,Black,L
2026-Jul-14,TP00657,T00551,C0008,P-B-M,700,Nut,Male,36,36-40,South,กางเกง,Black,M
2026-Jul-14,TP00658,T00552,C0009,F-B-M,"1,500",Nee,Female,28,26-30,City,รองเท้า,Black,M
2026-Jul-14,TP00769,T00663,C0003,S-B-M,500,Ali,Female,36,36-40,East,เสื้อ,Black,M
2026-Jul-14,TP00797,T00691,C0001,S-B-M,500,Peace,Female,22,21-25,West,เสื้อ,Black,M
2026-Jul-14,TP00832,T00725,C0010,B-B-M,1000,Min,Female,34,31-35,North,กระเป๋า,Black,M
2026-Jul-14,TP00886,T00779,C0001,P-R-M,700,Peace,Female,22,21-25,West,กางเกง,Red,M
2026-Jul-14,TP00908,T00801,C0002,P-R-M,700,Cap,Male,27,26-30,West,กางเกง,Red,M
2026-Jul-14,TP00938,T00831,C0010,B-B-L,1000,Min,Female,34,31-35,North,กระเป๋า,Black,L
2026-Jul-14,TP00957,T00850,C0009,B-B-L,1000,Nee,Female,28,26-30,City,กระเป๋า,Black,L
2026-Jul-13,TP00270,T00211,C0008,B-B-L,1000,Nut,Male,36,36-40,South,กระเป๋า,Black,L
2026-Jul-13,TP00271,T00212,C0003,S-R-M,500,Ali,Female,36,36-40,East,เสื้อ,Red,M
2026-Jul-13,TP00272,T00213,C0007,P-B-M,700,SE,Female,31,31-35,West,กางเกง,Black,M
2026-Jul-13,TP00273,T00214,C0003,S-W-L,500,Ali,Female,36,36-40,East,เสื้อ,White,L
2026-Jul-13,TP00274,T00215,C0003,F-R-M,"1,500",Ali,Female,36,36-40,East,รองเท้า,Red,M
2026-Jul-13,TP00275,T00215,C0003,S-B-M,500,Ali,Female,36,36-40,East,เสื้อ,Black,M
2026-Jul-13,TP00276,T00216,C0009,F-B-M,"1,500",Nee,Female,28,26-30,City,รองเท้า,Black,M
2026-Jul-13,TP00277,T00216,C0010,F-B-L,"1,500",Min,Female,34,31-35,North,รองเท้า,Black,L
2026-Jul-13,TP00278,T00217,C0004,S-B-L,500,Jane,Female,30,26-30,East,เสื้อ,Black,L
2026-Jul-13,TP00279,T00217,C0005,F-W-L,"1,500",Kim,Female,41,>40,West,รองเท้า,White,L
2026-Jul-13,TP00280,T00217,C0003,P-B-L,700,Ali,Female,36,36-40,East,กางเกง,Black,L
2026-Jul-13,TP00281,T00218,C0010,S-B-L,500,Min,Female,34,31-35,North,เสื้อ,Black,L
2026-Jul-13,TP00282,T00219,C0009,B-R-L,1000,Nee,Female,28,26-30,City,กระเป๋า,Red,L
2026-Jul-13,TP00283,T00220,C0010,P-B-M,700,Min,Female,34,31-35,North,กางเกง,Black,M
2026-Jul-13,TP00284,T00220,C0005,F-B-M,"1,500",Kim,Female,41,>40,West,รองเท้า,Black,M
2026-Jul-13,TP00285,T00221,C0010,P-W-M,700,Min,Female,34,31-35,North,กางเกง,White,M
2026-Jul-13,TP00512,T00406,C0004,F-W-M,"1,500",Jane,Female,30,26-30,East,รองเท้า,White,M
2026-Jul-13,TP00609,T00503,C0008,S-B-L,500,Nut,Male,36,36-40,South,เสื้อ,Black,L
2026-Jul-13,TP00634,T00528,C0006,F-B-M,"1,500",Tor,Male,26,26-30,North,รองเท้า,Black,M
2026-Jul-13,TP00645,T00539,C0002,P-B-M,700,Cap,Male,27,26-30,West,กางเกง,Black,M
2026-Jul-13,TP00666,T00560,C0001,S-B-M,500,Peace,Female,22,21-25,West,เสื้อ,Black,M
2026-Jul-13,TP00722,T00616,C0004,B-B-L,1000,Jane,Female,30,26-30,East,กระเป๋า,Black,L
2026-Jul-13,TP00770,T00664,C0002,F-W-L,"1,500",Cap,Male,27,26-30,West,รองเท้า,White,L
2026-Jul-13,TP00849,T00742,C0006,S-B-L,500,Tor,Male,26,26-30,North,เสื้อ,Black,L
2026-Jul-13,TP00958,T00851,C0006,F-R-M,"1,500",Tor,Male,26,26-30,North,รองเท้า,Red,M
2026-Jul-12,TP00259,T00201,C0003,F-W-L,"1,500",Ali,Female,36,36-40,East,รองเท้า,White,L
2026-Jul-12,TP00260,T00202,C0007,B-B-L,1000,SE,Female,31,31-35,West,กระเป๋า,Black,L
2026-Jul-12,TP00261,T00203,C0009,B-B-L,1000,Nee,Female,28,26-30,City,กระเป๋า,Black,L
2026-Jul-12,TP00262,T00204,C0009,S-W-L,500,Nee,Female,28,26-30,City,เสื้อ,White,L
2026-Jul-12,TP00263,T00205,C0008,S-B-L,500,Nut,Male,36,36-40,South,เสื้อ,Black,L
2026-Jul-12,TP00264,T00206,C0005,F-B-L,"1,500",Kim,Female,41,>40,West,รองเท้า,Black,L
2026-Jul-12,TP00265,T00207,C0010,S-B-M,500,Min,Female,34,31-35,North,เสื้อ,Black,M
2026-Jul-12,TP00266,T00208,C0002,S-R-M,500,Cap,Male,27,26-30,West,เสื้อ,Red,M
2026-Jul-12,TP00267,T00209,C0001,F-W-M,"1,500",Peace,Female,22,21-25,West,รองเท้า,White,M
2026-Jul-12,TP00268,T00209,C0009,F-B-M,"1,500",Nee,Female,28,26-30,City,รองเท้า,Black,M
2026-Jul-12,TP00269,T00210,C0004,F-B-M,"1,500",Jane,Female,30,26-30,East,รองเท้า,Black,M
2026-Jul-12,TP00519,T00413,C0008,B-R-L,1000,Nut,Male,36,36-40,South,กระเป๋า,Red,L
2026-Jul-12,TP00534,T00428,C0002,S-B-M,500,Cap,Male,27,26-30,West,เสื้อ,Black,M
2026-Jul-12,TP00544,T00438,C0004,F-B-L,"1,500",Jane,Female,30,26-30,East,รองเท้า,Black,L
2026-Jul-12,TP00557,T00451,C0007,P-B-M,700,SE,Female,31,31-35,West,กางเกง,Black,M
2026-Jul-12,TP00576,T00470,C0005,B-B-M,1000,Kim,Female,41,>40,West,กระเป๋า,Black,M
2026-Jul-12,TP00629,T00523,C0002,B-W-L,1000,Cap,Male,27,26-30,West,กระเป๋า,White,L
2026-Jul-12,TP00663,T00557,C0004,F-B-L,"1,500",Jane,Female,30,26-30,East,รองเท้า,Black,L
2026-Jul-12,TP00678,T00572,C0007,B-R-M,1000,SE,Female,31,31-35,West,กระเป๋า,Red,M
2026-Jul-12,TP00719,T00613,C0008,B-B-L,1000,Nut,Male,36,36-40,South,กระเป๋า,Black,L
2026-Jul-12,TP00740,T00634,C0008,B-B-M,1000,Nut,Male,36,36-40,South,กระเป๋า,Black,M
2026-Jul-12,TP00753,T00647,C0004,B-W-M,1000,Jane,Female,30,26-30,East,กระเป๋า,White,M
2026-Jul-12,TP00815,T00708,C0002,S-W-M,500,Cap,Male,27,26-30,West,เสื้อ,White,M
2026-Jul-12,TP00820,T00713,C0003,F-B-L,"1,500",Ali,Female,36,36-40,East,รองเท้า,Black,L
2026-Jul-12,TP00877,T00770,C0007,S-B-L,500,SE,Female,31,31-35,West,เสื้อ,Black,L
2026-Jul-12,TP00899,T00792,C0004,B-B-M,1000,Jane,Female,30,26-30,East,กระเป๋า,Black,M
2026-Jul-12,TP00911,T00804,C0005,P-R-L,700,Kim,Female,41,>40,West,กางเกง,Red,L
2026-Jul-12,TP00928,T00821,C0004,F-W-L,"1,500",Jane,Female,30,26-30,East,รองเท้า,White,L
2026-Jul-12,TP00997,T00890,C0006,P-R-M,700,Tor,Male,26,26-30,North,กางเกง,Red,M
2026-Jul-11,TP00247,T00190,C0005,P-W-L,700,Kim,Female,41,>40,West,กางเกง,White,L
2026-Jul-11,TP00248,T00191,C0002,F-R-L,"1,500",Cap,Male,27,26-30,West,รองเท้า,Red,L
2026-Jul-11,TP00249,T00192,C0008,B-B-L,1000,Nut,Male,36,36-40,South,กระเป๋า,Black,L
2026-Jul-11,TP00250,T00193,C0007,F-B-L,"1,500",SE,Female,31,31-35,West,รองเท้า,Black,L
2026-Jul-11,TP00251,T00194,C0002,P-B-M,700,Cap,Male,27,26-30,West,กางเกง,Black,M
2026-Jul-11,TP00252,T00195,C0005,F-B-L,"1,500",Kim,Female,41,>40,West,รองเท้า,Black,L
2026-Jul-11,TP00253,T00196,C0003,S-B-M,500,Ali,Female,36,36-40,East,เสื้อ,Black,M
2026-Jul-11,TP00254,T00196,C0008,B-W-M,1000,Nut,Male,36,36-40,South,กระเป๋า,White,M
2026-Jul-11,TP00255,T00197,C0004,F-W-M,"1,500",Jane,Female,30,26-30,East,รองเท้า,White,M
2026-Jul-11,TP00256,T00198,C0002,F-R-M,"1,500",Cap,Male,27,26-30,West,รองเท้า,Red,M
2026-Jul-11,TP00257,T00199,C0009,B-R-M,1000,Nee,Female,28,26-30,City,กระเป๋า,Red,M
2026-Jul-11,TP00258,T00200,C0003,S-B-L,500,Ali,Female,36,36-40,East,เสื้อ,Black,L
2026-Jul-11,TP00525,T00419,C0009,B-B-M,1000,Nee,Female,28,26-30,City,กระเป๋า,Black,M
2026-Jul-11,TP00545,T00439,C0003,F-R-M,"1,500",Ali,Female,36,36-40,East,รองเท้า,Red,M
2026-Jul-11,TP00611,T00505,C0003,S-B-M,500,Ali,Female,36,36-40,East,เสื้อ,Black,M
2026-Jul-11,TP00675,T00569,C0010,B-B-M,1000,Min,Female,34,31-35,North,กระเป๋า,Black,M
2026-Jul-11,TP00687,T00581,C0009,F-B-L,"1,500",Nee,Female,28,26-30,City,รองเท้า,Black,L
2026-Jul-11,TP00767,T00661,C0009,P-B-L,700,Nee,Female,28,26-30,City,กางเกง,Black,L
2026-Jul-11,TP00778,T00672,C0009,P-B-M,700,Nee,Female,28,26-30,City,กางเกง,Black,M
2026-Jul-11,TP00813,T00706,C0002,P-R-M,700,Cap,Male,27,26-30,West,กางเกง,Red,M
2026-Jul-11,TP00852,T00745,C0010,S-W-M,500,Min,Female,34,31-35,North,เสื้อ,White,M
2026-Jul-11,TP00862,T00755,C0006,B-R-M,1000,Tor,Male,26,26-30,North,กระเป๋า,Red,M
2026-Jul-11,TP00880,T00773,C0002,S-W-M,500,Cap,Male,27,26-30,West,เสื้อ,White,M
2026-Jul-11,TP00900,T00793,C0003,F-R-L,"1,500",Ali,Female,36,36-40,East,รองเท้า,Red,L
2026-Jul-11,TP00931,T00824,C0009,F-R-M,"1,500",Nee,Female,28,26-30,City,รองเท้า,Red,M
2026-Jul-10,TP00236,T00182,C0008,F-B-M,"1,500",Nut,Male,36,36-40,South,รองเท้า,Black,M
2026-Jul-10,TP00237,T00183,C0010,S-B-L,500,Min,Female,34,31-35,North,เสื้อ,Black,L
2026-Jul-10,TP00238,T00184,C0001,P-W-M,700,Peace,Female,22,21-25,West,กางเกง,White,M
2026-Jul-10,TP00239,T00185,C0005,P-W-L,700,Kim,Female,41,>40,West,กางเกง,White,L
2026-Jul-10,TP00240,T00185,C0003,B-W-L,1000,Ali,Female,36,36-40,East,กระเป๋า,White,L
2026-Jul-10,TP00241,T00185,C0001,F-B-M,"1,500",Peace,Female,22,21-25,West,รองเท้า,Black,M
2026-Jul-10,TP00242,T00185,C0004,F-R-L,"1,500",Jane,Female,30,26-30,East,รองเท้า,Red,L
2026-Jul-10,TP00243,T00186,C0008,S-B-L,500,Nut,Male,36,36-40,South,เสื้อ,Black,L
2026-Jul-10,TP00244,T00187,C0004,P-B-L,700,Jane,Female,30,26-30,East,กางเกง,Black,L
2026-Jul-10,TP00245,T00188,C0007,S-R-M,500,SE,Female,31,31-35,West,เสื้อ,Red,M
2026-Jul-10,TP00246,T00189,C0009,S-W-L,500,Nee,Female,28,26-30,City,เสื้อ,White,L
2026-Jul-10,TP00511,T00405,C0005,P-W-L,700,Kim,Female,41,>40,West,กางเกง,White,L
2026-Jul-10,TP00537,T00431,C0002,B-B-L,1000,Cap,Male,27,26-30,West,กระเป๋า,Black,L
2026-Jul-10,TP00543,T00437,C0007,S-W-L,500,SE,Female,31,31-35,West,เสื้อ,White,L
2026-Jul-10,TP00598,T00492,C0001,F-R-M,"1,500",Peace,Female,22,21-25,West,รองเท้า,Red,M
2026-Jul-10,TP00601,T00495,C0007,F-B-M,"1,500",SE,Female,31,31-35,West,รองเท้า,Black,M
2026-Jul-10,TP00633,T00527,C0009,F-R-M,"1,500",Nee,Female,28,26-30,City,รองเท้า,Red,M
2026-Jul-10,TP00642,T00536,C0002,S-B-M,500,Cap,Male,27,26-30,West,เสื้อ,Black,M
2026-Jul-10,TP00667,T00561,C0008,S-B-M,500,Nut,Male,36,36-40,South,เสื้อ,Black,M
2026-Jul-10,TP00723,T00617,C0005,F-W-M,"1,500",Kim,Female,41,>40,West,รองเท้า,White,M
2026-Jul-10,TP00782,T00676,C0006,F-W-L,"1,500",Tor,Male,26,26-30,North,รองเท้า,White,L
2026-Jul-10,TP00891,T00784,C0001,B-B-L,1000,Peace,Female,22,21-25,West,กระเป๋า,Black,L
2026-Jul-9,TP00228,T00174,C0008,S-B-L,500,Nut,Male,36,36-40,South,เสื้อ,Black,L
2026-Jul-9,TP00229,T00175,C0009,F-W-L,"1,500",Nee,Female,28,26-30,City,รองเท้า,White,L
2026-Jul-9,TP00230,T00176,C0009,F-W-L,"1,500",Nee,Female,28,26-30,City,รองเท้า,White,L
2026-Jul-9,TP00231,T00177,C0003,F-B-M,"1,500",Ali,Female,36,36-40,East,รองเท้า,Black,M
2026-Jul-9,TP00232,T00178,C0007,B-B-M,1000,SE,Female,31,31-35,West,กระเป๋า,Black,M
2026-Jul-9,TP00233,T00179,C0009,F-R-L,"1,500",Nee,Female,28,26-30,City,รองเท้า,Red,L
2026-Jul-9,TP00234,T00180,C0006,P-W-M,700,Tor,Male,26,26-30,North,กางเกง,White,M
2026-Jul-9,TP00235,T00181,C0008,P-B-L,700,Nut,Male,36,36-40,South,กางเกง,Black,L
2026-Jul-9,TP00528,T00422,C0005,P-B-L,700,Kim,Female,41,>40,West,กางเกง,Black,L
2026-Jul-9,TP00535,T00429,C0009,F-B-M,"1,500",Nee,Female,28,26-30,City,รองเท้า,Black,M
2026-Jul-9,TP00552,T00446,C0007,S-B-L,500,SE,Female,31,31-35,West,เสื้อ,Black,L
2026-Jul-9,TP00585,T00479,C0001,F-B-M,"1,500",Peace,Female,22,21-25,West,รองเท้า,Black,M
2026-Jul-9,TP00665,T00559,C0008,S-B-M,500,Nut,Male,36,36-40,South,เสื้อ,Black,M
2026-Jul-9,TP00671,T00565,C0001,F-B-M,"1,500",Peace,Female,22,21-25,West,รองเท้า,Black,M
2026-Jul-9,TP00710,T00604,C0009,B-R-L,1000,Nee,Female,28,26-30,City,กระเป๋า,Red,L
2026-Jul-9,TP00729,T00623,C0005,B-B-M,1000,Kim,Female,41,>40,West,กระเป๋า,Black,M
2026-Jul-9,TP00764,T00658,C0004,F-B-L,"1,500",Jane,Female,30,26-30,East,รองเท้า,Black,L
2026-Jul-9,TP00799,T00693,C0002,P-W-L,700,Cap,Male,27,26-30,West,กางเกง,White,L
2026-Jul-9,TP00800,T00693,C0010,P-B-M,700,Min,Female,34,31-35,North,กางเกง,Black,M
2026-Jul-9,TP00861,T00754,C0009,B-B-M,1000,Nee,Female,28,26-30,City,กระเป๋า,Black,M
2026-Jul-9,TP00918,T00811,C0001,S-R-L,500,Peace,Female,22,21-25,West,เสื้อ,Red,L
2026-Jul-8,TP00218,T00164,C0007,F-R-M,"1,500",SE,Female,31,31-35,West,รองเท้า,Red,M
2026-Jul-8,TP00219,T00165,C0002,S-B-L,500,Cap,Male,27,26-30,West,เสื้อ,Black,L
2026-Jul-8,TP00220,T00166,C0006,P-W-L,700,Tor,Male,26,26-30,North,กางเกง,White,L
2026-Jul-8,TP00221,T00167,C0009,S-R-L,500,Nee,Female,28,26-30,City,เสื้อ,Red,L
2026-Jul-8,TP00222,T00168,C0005,P-B-M,700,Kim,Female,41,>40,West,กางเกง,Black,M
2026-Jul-8,TP00223,T00169,C0007,P-W-M,700,SE,Female,31,31-35,West,กางเกง,White,M
2026-Jul-8,TP00224,T00170,C0008,S-R-M,500,Nut,Male,36,36-40,South,เสื้อ,Red,M
2026-Jul-8,TP00225,T00171,C0010,S-R-M,500,Min,Female,34,31-35,North,เสื้อ,Red,M
2026-Jul-8,TP00226,T00172,C0004,P-W-L,700,Jane,Female,30,26-30,East,กางเกง,White,L
2026-Jul-8,TP00227,T00173,C0007,P-R-L,700,SE,Female,31,31-35,West,กางเกง,Red,L
2026-Jul-8,TP00536,T00430,C0002,F-B-M,"1,500",Cap,Male,27,26-30,West,รองเท้า,Black,M
2026-Jul-8,TP00578,T00472,C0005,P-B-M,700,Kim,Female,41,>40,West,กางเกง,Black,M
2026-Jul-8,TP00614,T00508,C0001,S-W-L,500,Peace,Female,22,21-25,West,เสื้อ,White,L
2026-Jul-8,TP00631,T00525,C0004,S-B-L,500,Jane,Female,30,26-30,East,เสื้อ,Black,L
2026-Jul-8,TP00646,T00540,C0007,S-W-M,500,SE,Female,31,31-35,West,เสื้อ,White,M
2026-Jul-8,TP00672,T00566,C0005,P-W-L,700,Kim,Female,41,>40,West,กางเกง,White,L
2026-Jul-8,TP00751,T00645,C0007,S-R-M,500,SE,Female,31,31-35,West,เสื้อ,Red,M
2026-Jul-8,TP00848,T00741,C0002,B-B-M,1000,Cap,Male,27,26-30,West,กระเป๋า,Black,M
2026-Jul-8,TP00947,T00840,C0002,P-B-M,700,Cap,Male,27,26-30,West,กางเกง,Black,M
2026-Jul-8,TP00965,T00858,C0002,F-R-L,"1,500",Cap,Male,27,26-30,West,รองเท้า,Red,L
2026-Jul-7,TP00206,T00155,C0006,S-B-L,500,Tor,Male,26,26-30,North,เสื้อ,Black,L
2026-Jul-7,TP00207,T00156,C0008,B-B-L,1000,Nut,Male,36,36-40,South,กระเป๋า,Black,L
2026-Jul-7,TP00208,T00157,C0009,S-R-L,500,Nee,Female,28,26-30,City,เสื้อ,Red,L
2026-Jul-7,TP00209,T00158,C0007,S-R-L,500,SE,Female,31,31-35,West,เสื้อ,Red,L
2026-Jul-7,TP00210,T00159,C0009,P-B-L,700,Nee,Female,28,26-30,City,กางเกง,Black,L
2026-Jul-7,TP00211,T00160,C0006,P-W-L,700,Tor,Male,26,26-30,North,กางเกง,White,L
2026-Jul-7,TP00212,T00160,C0002,P-B-L,700,Cap,Male,27,26-30,West,กางเกง,Black,L
2026-Jul-7,TP00213,T00161,C0002,B-B-L,1000,Cap,Male,27,26-30,West,กระเป๋า,Black,L
2026-Jul-7,TP00214,T00162,C0008,S-B-M,500,Nut,Male,36,36-40,South,เสื้อ,Black,M
2026-Jul-7,TP00215,T00162,C0002,P-B-L,700,Cap,Male,27,26-30,West,กางเกง,Black,L
2026-Jul-7,TP00216,T00163,C0002,F-B-L,"1,500",Cap,Male,27,26-30,West,รองเท้า,Black,L
2026-Jul-7,TP00217,T00163,C0004,P-B-L,700,Jane,Female,30,26-30,East,กางเกง,Black,L
2026-Jul-7,TP00531,T00425,C0007,P-B-M,700,SE,Female,31,31-35,West,กางเกง,Black,M
2026-Jul-7,TP00533,T00427,C0004,F-R-L,"1,500",Jane,Female,30,26-30,East,รองเท้า,Red,L
2026-Jul-7,TP00574,T00468,C0007,F-B-M,"1,500",SE,Female,31,31-35,West,รองเท้า,Black,M
2026-Jul-7,TP00647,T00541,C0003,S-B-M,500,Ali,Female,36,36-40,East,เสื้อ,Black,M
2026-Jul-7,TP00677,T00571,C0005,F-B-L,"1,500",Kim,Female,41,>40,West,รองเท้า,Black,L
2026-Jul-7,TP00697,T00591,C0001,P-B-L,700,Peace,Female,22,21-25,West,กางเกง,Black,L
2026-Jul-7,TP00749,T00643,C0010,F-W-M,"1,500",Min,Female,34,31-35,North,รองเท้า,White,M
2026-Jul-7,TP00766,T00660,C0005,B-B-M,1000,Kim,Female,41,>40,West,กระเป๋า,Black,M
2026-Jul-7,TP00816,T00709,C0006,F-R-L,"1,500",Tor,Male,26,26-30,North,รองเท้า,Red,L
2026-Jul-7,TP00847,T00740,C0009,S-W-M,500,Nee,Female,28,26-30,City,เสื้อ,White,M
2026-Jul-7,TP00876,T00769,C0003,F-B-M,"1,500",Ali,Female,36,36-40,East,รองเท้า,Black,M
2026-Jul-7,TP00893,T00786,C0004,F-B-L,"1,500",Jane,Female,30,26-30,East,รองเท้า,Black,L
2026-Jul-7,TP00895,T00788,C0005,P-W-M,700,Kim,Female,41,>40,West,กางเกง,White,M
2026-Jul-7,TP00904,T00797,C0007,P-W-M,700,SE,Female,31,31-35,West,กางเกง,White,M
2026-Jul-7,TP00917,T00810,C0001,S-W-M,500,Peace,Female,22,21-25,West,เสื้อ,White,M
2026-Jul-7,TP00996,T00889,C0007,S-B-M,500,SE,Female,31,31-35,West,เสื้อ,Black,M
2026-Jul-6,TP00186,T00141,C0007,B-W-M,1000,SE,Female,31,31-35,West,กระเป๋า,White,M
2026-Jul-6,TP00187,T00141,C0005,P-B-L,700,Kim,Female,41,>40,West,กางเกง,Black,L
2026-Jul-6,TP00188,T00142,C0005,S-R-L,500,Kim,Female,41,>40,West,เสื้อ,Red,L
2026-Jul-6,TP00189,T00142,C0003,F-W-M,"1,500",Ali,Female,36,36-40,East,รองเท้า,White,M
2026-Jul-6,TP00190,T00143,C0002,S-R-M,500,Cap,Male,27,26-30,West,เสื้อ,Red,M
2026-Jul-6,TP00191,T00144,C0009,B-W-L,1000,Nee,Female,28,26-30,City,กระเป๋า,White,L
2026-Jul-6,TP00192,T00145,C0003,B-R-L,1000,Ali,Female,36,36-40,East,กระเป๋า,Red,L
2026-Jul-6,TP00193,T00146,C0007,B-B-M,1000,SE,Female,31,31-35,West,กระเป๋า,Black,M
2026-Jul-6,TP00194,T00146,C0005,S-W-L,500,Kim,Female,41,>40,West,เสื้อ,White,L
2026-Jul-6,TP00195,T00147,C0005,P-R-M,700,Kim,Female,41,>40,West,กางเกง,Red,M
2026-Jul-6,TP00196,T00147,C0009,B-W-L,1000,Nee,Female,28,26-30,City,กระเป๋า,White,L
2026-Jul-6,TP00197,T00148,C0009,P-R-M,700,Nee,Female,28,26-30,City,กางเกง,Red,M
2026-Jul-6,TP00198,T00149,C0002,S-B-L,500,Cap,Male,27,26-30,West,เสื้อ,Black,L
2026-Jul-6,TP00199,T00149,C0006,P-B-M,700,Tor,Male,26,26-30,North,กางเกง,Black,M
2026-Jul-6,TP00200,T00150,C0007,S-B-L,500,SE,Female,31,31-35,West,เสื้อ,Black,L
2026-Jul-6,TP00201,T00151,C0009,P-B-M,700,Nee,Female,28,26-30,City,กางเกง,Black,M
2026-Jul-6,TP00202,T00151,C0010,P-B-M,700,Min,Female,34,31-35,North,กางเกง,Black,M
2026-Jul-6,TP00203,T00152,C0010,F-B-M,"1,500",Min,Female,34,31-35,North,รองเท้า,Black,M
2026-Jul-6,TP00204,T00153,C0001,S-W-L,500,Peace,Female,22,21-25,West,เสื้อ,White,L
2026-Jul-6,TP00205,T00154,C0010,F-B-M,"1,500",Min,Female,34,31-35,North,รองเท้า,Black,M
2026-Jul-6,TP00508,T00402,C0006,S-R-L,500,Tor,Male,26,26-30,North,เสื้อ,Red,L
2026-Jul-6,TP00709,T00603,C0007,B-W-M,1000,SE,Female,31,31-35,West,กระเป๋า,White,M
2026-Jul-6,TP00777,T00671,C0008,F-R-M,"1,500",Nut,Male,36,36-40,South,รองเท้า,Red,M
2026-Jul-6,TP00902,T00795,C0004,P-B-L,700,Jane,Female,30,26-30,East,กางเกง,Black,L
2026-Jul-6,TP00907,T00800,C0005,S-W-L,500,Kim,Female,41,>40,West,เสื้อ,White,L
2026-Jul-6,TP00916,T00809,C0003,S-W-L,500,Ali,Female,36,36-40,East,เสื้อ,White,L
2026-Jul-6,TP00924,T00817,C0002,S-W-M,500,Cap,Male,27,26-30,West,เสื้อ,White,M
2026-Jul-6,TP00959,T00852,C0008,P-W-M,700,Nut,Male,36,36-40,South,กางเกง,White,M
2026-Jul-6,TP00972,T00865,C0007,P-B-L,700,SE,Female,31,31-35,West,กางเกง,Black,L
2026-Jul-6,TP00980,T00873,C0010,F-R-L,"1,500",Min,Female,34,31-35,North,รองเท้า,Red,L
2026-Jul-6,TP00992,T00885,C0002,P-R-L,700,Cap,Male,27,26-30,West,กางเกง,Red,L
2026-Jul-5,TP00175,T00132,C0004,P-B-M,700,Jane,Female,30,26-30,East,กางเกง,Black,M
2026-Jul-5,TP00176,T00133,C0002,F-R-L,"1,500",Cap,Male,27,26-30,West,รองเท้า,Red,L
2026-Jul-5,TP00177,T00134,C0006,S-R-L,500,Tor,Male,26,26-30,North,เสื้อ,Red,L
2026-Jul-5,TP00178,T00135,C0008,F-R-M,"1,500",Nut,Male,36,36-40,South,รองเท้า,Red,M
2026-Jul-5,TP00179,T00136,C0010,S-B-M,500,Min,Female,34,31-35,North,เสื้อ,Black,M
2026-Jul-5,TP00180,T00137,C0007,F-R-M,"1,500",SE,Female,31,31-35,West,รองเท้า,Red,M
2026-Jul-5,TP00181,T00138,C0009,S-W-L,500,Nee,Female,28,26-30,City,เสื้อ,White,L
2026-Jul-5,TP00182,T00139,C0007,F-B-L,"1,500",SE,Female,31,31-35,West,รองเท้า,Black,L
2026-Jul-5,TP00183,T00139,C0006,S-B-M,500,Tor,Male,26,26-30,North,เสื้อ,Black,M
2026-Jul-5,TP00184,T00140,C0003,F-B-M,"1,500",Ali,Female,36,36-40,East,รองเท้า,Black,M
2026-Jul-5,TP00185,T00140,C0003,F-W-L,"1,500",Ali,Female,36,36-40,East,รองเท้า,White,L
2026-Jul-5,TP00522,T00416,C0001,B-R-L,1000,Peace,Female,22,21-25,West,กระเป๋า,Red,L
2026-Jul-5,TP00561,T00455,C0010,P-B-M,700,Min,Female,34,31-35,North,กางเกง,Black,M
2026-Jul-5,TP00591,T00485,C0001,F-B-L,"1,500",Peace,Female,22,21-25,West,รองเท้า,Black,L
2026-Jul-5,TP00637,T00531,C0007,P-B-L,700,SE,Female,31,31-35,West,กางเกง,Black,L
2026-Jul-5,TP00649,T00543,C0002,P-R-M,700,Cap,Male,27,26-30,West,กางเกง,Red,M
2026-Jul-5,TP00727,T00621,C0005,F-B-L,"1,500",Kim,Female,41,>40,West,รองเท้า,Black,L
2026-Jul-5,TP00730,T00624,C0007,P-B-M,700,SE,Female,31,31-35,West,กางเกง,Black,M
2026-Jul-5,TP00787,T00681,C0001,F-W-M,"1,500",Peace,Female,22,21-25,West,รองเท้า,White,M
2026-Jul-5,TP00796,T00690,C0004,S-W-L,500,Jane,Female,30,26-30,East,เสื้อ,White,L
2026-Jul-5,TP00802,T00695,C0009,F-B-M,"1,500",Nee,Female,28,26-30,City,รองเท้า,Black,M
2026-Jul-5,TP00805,T00698,C0007,P-R-M,700,SE,Female,31,31-35,West,กางเกง,Red,M
2026-Jul-5,TP00809,T00702,C0004,P-R-L,700,Jane,Female,30,26-30,East,กางเกง,Red,L
2026-Jul-5,TP00812,T00705,C0006,P-W-M,700,Tor,Male,26,26-30,North,กางเกง,White,M
2026-Jul-5,TP00818,T00711,C0003,P-R-M,700,Ali,Female,36,36-40,East,กางเกง,Red,M
2026-Jul-5,TP00883,T00776,C0004,S-B-L,500,Jane,Female,30,26-30,East,เสื้อ,Black,L
2026-Jul-5,TP00953,T00846,C0006,P-B-L,700,Tor,Male,26,26-30,North,กางเกง,Black,L
2026-Jul-4,TP00164,T00124,C0005,B-B-M,1000,Kim,Female,41,>40,West,กระเป๋า,Black,M
2026-Jul-4,TP00165,T00125,C0009,S-R-M,500,Nee,Female,28,26-30,City,เสื้อ,Red,M
2026-Jul-4,TP00166,T00126,C0009,F-B-L,"1,500",Nee,Female,28,26-30,City,รองเท้า,Black,L
2026-Jul-4,TP00167,T00127,C0005,B-R-L,1000,Kim,Female,41,>40,West,กระเป๋า,Red,L
2026-Jul-4,TP00168,T00127,C0004,B-B-L,1000,Jane,Female,30,26-30,East,กระเป๋า,Black,L
2026-Jul-4,TP00169,T00128,C0010,S-R-L,500,Min,Female,34,31-35,North,เสื้อ,Red,L
2026-Jul-4,TP00170,T00129,C0010,S-W-L,500,Min,Female,34,31-35,North,เสื้อ,White,L
2026-Jul-4,TP00171,T00129,C0006,P-R-M,700,Tor,Male,26,26-30,North,กางเกง,Red,M
2026-Jul-4,TP00172,T00130,C0004,F-R-M,"1,500",Jane,Female,30,26-30,East,รองเท้า,Red,M
2026-Jul-4,TP00173,T00130,C0003,P-B-L,700,Ali,Female,36,36-40,East,กางเกง,Black,L
2026-Jul-4,TP00174,T00131,C0002,P-W-M,700,Cap,Male,27,26-30,West,กางเกง,White,M
2026-Jul-4,TP00541,T00435,C0007,S-B-M,500,SE,Female,31,31-35,West,เสื้อ,Black,M
2026-Jul-4,TP00587,T00481,C0003,P-R-L,700,Ali,Female,36,36-40,East,กางเกง,Red,L
2026-Jul-4,TP00619,T00513,C0007,B-R-M,1000,SE,Female,31,31-35,West,กระเป๋า,Red,M
2026-Jul-4,TP00630,T00524,C0010,F-R-L,"1,500",Min,Female,34,31-35,North,รองเท้า,Red,L
2026-Jul-4,TP00651,T00545,C0005,B-W-L,1000,Kim,Female,41,>40,West,กระเป๋า,White,L
2026-Jul-4,TP00691,T00585,C0006,S-W-L,500,Tor,Male,26,26-30,North,เสื้อ,White,L
2026-Jul-4,TP00696,T00590,C0004,B-R-M,1000,Jane,Female,30,26-30,East,กระเป๋า,Red,M
2026-Jul-4,TP00716,T00610,C0010,S-B-L,500,Min,Female,34,31-35,North,เสื้อ,Black,L
2026-Jul-4,TP00725,T00619,C0006,F-R-M,"1,500",Tor,Male,26,26-30,North,รองเท้า,Red,M
2026-Jul-4,TP00734,T00628,C0005,P-W-M,700,Kim,Female,41,>40,West,กางเกง,White,M
2026-Jul-4,TP00747,T00641,C0004,S-B-L,500,Jane,Female,30,26-30,East,เสื้อ,Black,L
2026-Jul-4,TP00806,T00699,C0003,B-R-L,1000,Ali,Female,36,36-40,East,กระเป๋า,Red,L
2026-Jul-3,TP00148,T00111,C0003,S-B-M,500,Ali,Female,36,36-40,East,เสื้อ,Black,M
2026-Jul-3,TP00149,T00112,C0005,S-B-M,500,Kim,Female,41,>40,West,เสื้อ,Black,M
2026-Jul-3,TP00150,T00113,C0006,P-R-M,700,Tor,Male,26,26-30,North,กางเกง,Red,M
2026-Jul-3,TP00151,T00114,C0002,P-R-L,700,Cap,Male,27,26-30,West,กางเกง,Red,L
2026-Jul-3,TP00152,T00115,C0010,B-W-L,1000,Min,Female,34,31-35,North,กระเป๋า,White,L
2026-Jul-3,TP00153,T00116,C0009,F-W-M,"1,500",Nee,Female,28,26-30,City,รองเท้า,White,M
2026-Jul-3,TP00154,T00116,C0003,P-R-L,700,Ali,Female,36,36-40,East,กางเกง,Red,L
2026-Jul-3,TP00155,T00117,C0007,P-W-L,700,SE,Female,31,31-35,West,กางเกง,White,L
2026-Jul-3,TP00156,T00117,C0010,B-W-L,1000,Min,Female,34,31-35,North,กระเป๋า,White,L
2026-Jul-3,TP00157,T00118,C0010,B-R-M,1000,Min,Female,34,31-35,North,กระเป๋า,Red,M
2026-Jul-3,TP00158,T00119,C0005,P-B-M,700,Kim,Female,41,>40,West,กางเกง,Black,M
2026-Jul-3,TP00159,T00120,C0010,S-B-L,500,Min,Female,34,31-35,North,เสื้อ,Black,L
2026-Jul-3,TP00160,T00121,C0006,B-B-M,1000,Tor,Male,26,26-30,North,กระเป๋า,Black,M
2026-Jul-3,TP00161,T00122,C0009,F-R-M,"1,500",Nee,Female,28,26-30,City,รองเท้า,Red,M
2026-Jul-3,TP00162,T00122,C0004,B-B-L,1000,Jane,Female,30,26-30,East,กระเป๋า,Black,L
2026-Jul-3,TP00163,T00123,C0004,S-B-M,500,Jane,Female,30,26-30,East,เสื้อ,Black,M
2026-Jul-3,TP00506,T00400,C0001,F-W-L,"1,500",Peace,Female,22,21-25,West,รองเท้า,White,L
2026-Jul-3,TP00518,T00412,C0004,S-R-L,500,Jane,Female,30,26-30,East,เสื้อ,Red,L
2026-Jul-3,TP00527,T00421,C0007,F-B-M,"1,500",SE,Female,31,31-35,West,รองเท้า,Black,M
2026-Jul-3,TP00553,T00447,C0002,B-R-M,1000,Cap,Male,27,26-30,West,กระเป๋า,Red,M
2026-Jul-3,TP00559,T00453,C0002,P-W-M,700,Cap,Male,27,26-30,West,กางเกง,White,M
2026-Jul-3,TP00618,T00512,C0009,F-R-L,"1,500",Nee,Female,28,26-30,City,รองเท้า,Red,L
2026-Jul-3,TP00692,T00586,C0007,P-R-M,700,SE,Female,31,31-35,West,กางเกง,Red,M
2026-Jul-3,TP00703,T00597,C0005,S-B-M,500,Kim,Female,41,>40,West,เสื้อ,Black,M
2026-Jul-3,TP00817,T00710,C0009,P-W-L,700,Nee,Female,28,26-30,City,กางเกง,White,L
2026-Jul-3,TP00915,T00808,C0006,F-W-M,"1,500",Tor,Male,26,26-30,North,รองเท้า,White,M
2026-Jul-3,TP00975,T00868,C0005,F-W-M,"1,500",Kim,Female,41,>40,West,รองเท้า,White,M
2026-Jul-3,TP00989,T00882,C0006,S-B-L,500,Tor,Male,26,26-30,North,เสื้อ,Black,L
2026-Jul-2,TP00133,T00100,C0010,P-B-M,700,Min,Female,34,31-35,North,กางเกง,Black,M
2026-Jul-2,TP00134,T00101,C0002,P-W-M,700,Cap,Male,27,26-30,West,กางเกง,White,M
2026-Jul-2,TP00135,T00101,C0008,P-B-L,700,Nut,Male,36,36-40,South,กางเกง,Black,L
2026-Jul-2,TP00136,T00102,C0007,P-B-M,700,SE,Female,31,31-35,West,กางเกง,Black,M
2026-Jul-2,TP00137,T00103,C0003,B-W-L,1000,Ali,Female,36,36-40,East,กระเป๋า,White,L
2026-Jul-2,TP00138,T00103,C0005,F-W-L,"1,500",Kim,Female,41,>40,West,รองเท้า,White,L
2026-Jul-2,TP00139,T00104,C0005,F-B-L,"1,500",Kim,Female,41,>40,West,รองเท้า,Black,L
2026-Jul-2,TP00140,T00105,C0010,S-W-L,500,Min,Female,34,31-35,North,เสื้อ,White,L
2026-Jul-2,TP00141,T00106,C0004,P-R-L,700,Jane,Female,30,26-30,East,กางเกง,Red,L
2026-Jul-2,TP00142,T00106,C0010,P-R-M,700,Min,Female,34,31-35,North,กางเกง,Red,M
2026-Jul-2,TP00143,T00107,C0003,S-B-M,500,Ali,Female,36,36-40,East,เสื้อ,Black,M
2026-Jul-2,TP00144,T00107,C0009,P-W-L,700,Nee,Female,28,26-30,City,กางเกง,White,L
2026-Jul-2,TP00145,T00108,C0010,S-W-L,500,Min,Female,34,31-35,North,เสื้อ,White,L
2026-Jul-2,TP00146,T00109,C0003,F-B-L,"1,500",Ali,Female,36,36-40,East,รองเท้า,Black,L
2026-Jul-2,TP00147,T00110,C0005,P-B-L,700,Kim,Female,41,>40,West,กางเกง,Black,L
2026-Jul-2,TP00592,T00486,C0009,F-W-L,"1,500",Nee,Female,28,26-30,City,รองเท้า,White,L
2026-Jul-2,TP00622,T00516,C0009,B-B-L,1000,Nee,Female,28,26-30,City,กระเป๋า,Black,L
2026-Jul-2,TP00628,T00522,C0009,F-B-M,"1,500",Nee,Female,28,26-30,City,รองเท้า,Black,M
2026-Jul-2,TP00654,T00548,C0007,B-B-M,1000,SE,Female,31,31-35,West,กระเป๋า,Black,M
2026-Jul-2,TP00681,T00575,C0001,B-W-M,1000,Peace,Female,22,21-25,West,กระเป๋า,White,M
2026-Jul-2,TP00768,T00662,C0007,B-B-M,1000,SE,Female,31,31-35,West,กระเป๋า,Black,M
2026-Jul-2,TP00775,T00669,C0009,B-R-L,1000,Nee,Female,28,26-30,City,กระเป๋า,Red,L
2026-Jul-2,TP00944,T00837,C0009,P-R-L,700,Nee,Female,28,26-30,City,กางเกง,Red,L
2026-Jul-2,TP00945,T00838,C0010,F-B-L,"1,500",Min,Female,34,31-35,North,รองเท้า,Black,L
2026-Jul-2,TP00963,T00856,C0007,P-W-M,700,SE,Female,31,31-35,West,กางเกง,White,M
2026-Jul-1,TP00122,T00090,C0002,S-W-M,500,Cap,Male,27,26-30,West,เสื้อ,White,M
2026-Jul-1,TP00123,T00091,C0003,P-B-L,700,Ali,Female,36,36-40,East,กางเกง,Black,L
2026-Jul-1,TP00124,T00092,C0010,P-B-M,700,Min,Female,34,31-35,North,กางเกง,Black,M
2026-Jul-1,TP00125,T00093,C0004,S-B-M,500,Jane,Female,30,26-30,East,เสื้อ,Black,M
2026-Jul-1,TP00126,T00094,C0005,S-B-M,500,Kim,Female,41,>40,West,เสื้อ,Black,M
2026-Jul-1,TP00127,T00095,C0005,B-B-M,1000,Kim,Female,41,>40,West,กระเป๋า,Black,M
2026-Jul-1,TP00128,T00096,C0003,P-R-M,700,Ali,Female,36,36-40,East,กางเกง,Red,M
2026-Jul-1,TP00129,T00097,C0002,P-W-L,700,Cap,Male,27,26-30,West,กางเกง,White,L
2026-Jul-1,TP00130,T00097,C0002,B-B-M,1000,Cap,Male,27,26-30,West,กระเป๋า,Black,M
2026-Jul-1,TP00131,T00098,C0007,P-B-M,700,SE,Female,31,31-35,West,กางเกง,Black,M
2026-Jul-1,TP00132,T00099,C0006,P-W-M,700,Tor,Male,26,26-30,North,กางเกง,White,M
2026-Jul-1,TP00563,T00457,C0007,P-B-M,700,SE,Female,31,31-35,West,กางเกง,Black,M
2026-Jul-1,TP00593,T00487,C0009,S-B-M,500,Nee,Female,28,26-30,City,เสื้อ,Black,M
2026-Jul-1,TP00612,T00506,C0009,S-W-M,500,Nee,Female,28,26-30,City,เสื้อ,White,M
2026-Jul-1,TP00616,T00510,C0008,P-B-L,700,Nut,Male,36,36-40,South,กางเกง,Black,L
2026-Jul-1,TP00632,T00526,C0006,F-R-M,"1,500",Tor,Male,26,26-30,North,รองเท้า,Red,M
2026-Jul-1,TP00635,T00529,C0002,S-B-L,500,Cap,Male,27,26-30,West,เสื้อ,Black,L
2026-Jul-1,TP00639,T00533,C0001,S-B-L,500,Peace,Female,22,21-25,West,เสื้อ,Black,L
2026-Jul-1,TP00670,T00564,C0005,B-R-M,1000,Kim,Female,41,>40,West,กระเป๋า,Red,M
2026-Jul-1,TP00680,T00574,C0002,P-R-M,700,Cap,Male,27,26-30,West,กางเกง,Red,M
2026-Jul-1,TP00776,T00670,C0007,S-B-L,500,SE,Female,31,31-35,West,เสื้อ,Black,L
2026-Jul-1,TP00850,T00743,C0003,S-B-M,500,Ali,Female,36,36-40,East,เสื้อ,Black,M
2026-Jul-1,TP00872,T00765,C0007,F-W-L,"1,500",SE,Female,31,31-35,West,รองเท้า,White,L
2026-Jul-1,TP00909,T00802,C0002,B-B-L,1000,Cap,Male,27,26-30,West,กระเป๋า,Black,L
2026-Jul-1,TP00926,T00819,C0008,F-W-M,"1,500",Nut,Male,36,36-40,South,รองเท้า,White,M
2026-Jul-1,TP00946,T00839,C0005,B-W-M,1000,Kim,Female,41,>40,West,กระเป๋า,White,M
2026-Jun-30,TP00105,T00079,C0009,P-W-L,700,Nee,Female,28,26-30,City,กางเกง,White,L
2026-Jun-30,TP00106,T00080,C0002,S-B-M,500,Cap,Male,27,26-30,West,เสื้อ,Black,M
2026-Jun-30,TP00107,T00080,C0006,P-B-M,700,Tor,Male,26,26-30,North,กางเกง,Black,M
2026-Jun-30,TP00108,T00081,C0007,F-W-M,"1,500",SE,Female,31,31-35,West,รองเท้า,White,M
2026-Jun-30,TP00109,T00082,C0002,P-R-M,700,Cap,Male,27,26-30,West,กางเกง,Red,M
2026-Jun-30,TP00110,T00082,C0002,F-W-M,"1,500",Cap,Male,27,26-30,West,รองเท้า,White,M
2026-Jun-30,TP00111,T00083,C0001,P-W-M,700,Peace,Female,22,21-25,West,กางเกง,White,M
2026-Jun-30,TP00112,T00083,C0005,F-W-M,"1,500",Kim,Female,41,>40,West,รองเท้า,White,M
2026-Jun-30,TP00113,T00084,C0009,S-W-L,500,Nee,Female,28,26-30,City,เสื้อ,White,L
2026-Jun-30,TP00114,T00084,C0002,B-R-L,1000,Cap,Male,27,26-30,West,กระเป๋า,Red,L
2026-Jun-30,TP00115,T00085,C0004,P-R-M,700,Jane,Female,30,26-30,East,กางเกง,Red,M
2026-Jun-30,TP00116,T00085,C0010,F-W-L,"1,500",Min,Female,34,31-35,North,รองเท้า,White,L
2026-Jun-30,TP00117,T00086,C0010,P-W-L,700,Min,Female,34,31-35,North,กางเกง,White,L
2026-Jun-30,TP00118,T00087,C0005,F-R-L,"1,500",Kim,Female,41,>40,West,รองเท้า,Red,L
2026-Jun-30,TP00119,T00088,C0010,F-W-M,"1,500",Min,Female,34,31-35,North,รองเท้า,White,M
2026-Jun-30,TP00120,T00088,C0001,P-B-L,700,Peace,Female,22,21-25,West,กางเกง,Black,L
2026-Jun-30,TP00121,T00089,C0006,F-B-L,"1,500",Tor,Male,26,26-30,North,รองเท้า,Black,L
2026-Jun-30,TP00659,T00553,C0007,P-B-L,700,SE,Female,31,31-35,West,กางเกง,Black,L
2026-Jun-30,TP00773,T00667,C0002,B-R-L,1000,Cap,Male,27,26-30,West,กระเป๋า,Red,L
2026-Jun-30,TP00822,T00715,C0005,F-B-M,"1,500",Kim,Female,41,>40,West,รองเท้า,Black,M
2026-Jun-30,TP00851,T00744,C0006,S-B-M,500,Tor,Male,26,26-30,North,เสื้อ,Black,M
2026-Jun-30,TP00951,T00844,C0007,S-B-L,500,SE,Female,31,31-35,West,เสื้อ,Black,L
2026-Jun-30,TP00983,T00876,C0003,P-W-L,700,Ali,Female,36,36-40,East,กางเกง,White,L
2026-Jun-29,TP00085,T00065,C0010,P-W-L,700,Min,Female,34,31-35,North,กางเกง,White,L
2026-Jun-29,TP00086,T00065,C0002,S-W-M,500,Cap,Male,27,26-30,West,เสื้อ,White,M
2026-Jun-29,TP00087,T00065,C0008,S-W-L,500,Nut,Male,36,36-40,South,เสื้อ,White,L
2026-Jun-29,TP00088,T00066,C0001,P-R-M,700,Peace,Female,22,21-25,West,กางเกง,Red,M
2026-Jun-29,TP00089,T00067,C0010,F-B-M,"1,500",Min,Female,34,31-35,North,รองเท้า,Black,M
2026-Jun-29,TP00090,T00068,C0003,P-R-M,700,Ali,Female,36,36-40,East,กางเกง,Red,M
2026-Jun-29,TP00091,T00068,C0006,P-R-L,700,Tor,Male,26,26-30,North,กางเกง,Red,L
2026-Jun-29,TP00092,T00069,C0003,S-R-M,500,Ali,Female,36,36-40,East,เสื้อ,Red,M
2026-Jun-29,TP00093,T00069,C0010,B-B-M,1000,Min,Female,34,31-35,North,กระเป๋า,Black,M
2026-Jun-29,TP00094,T00070,C0005,F-W-L,"1,500",Kim,Female,41,>40,West,รองเท้า,White,L
2026-Jun-29,TP00095,T00070,C0002,F-B-L,"1,500",Cap,Male,27,26-30,West,รองเท้า,Black,L
2026-Jun-29,TP00096,T00071,C0001,P-B-M,700,Peace,Female,22,21-25,West,กางเกง,Black,M
2026-Jun-29,TP00097,T00072,C0002,S-B-M,500,Cap,Male,27,26-30,West,เสื้อ,Black,M
2026-Jun-29,TP00098,T00073,C0008,S-B-L,500,Nut,Male,36,36-40,South,เสื้อ,Black,L
2026-Jun-29,TP00099,T00074,C0001,P-R-L,700,Peace,Female,22,21-25,West,กางเกง,Red,L
2026-Jun-29,TP00100,T00075,C0006,F-B-L,"1,500",Tor,Male,26,26-30,North,รองเท้า,Black,L
2026-Jun-29,TP00101,T00076,C0010,P-B-M,700,Min,Female,34,31-35,North,กางเกง,Black,M
2026-Jun-29,TP00102,T00077,C0004,P-B-M,700,Jane,Female,30,26-30,East,กางเกง,Black,M
2026-Jun-29,TP00103,T00078,C0005,F-B-M,"1,500",Kim,Female,41,>40,West,รองเท้า,Black,M
2026-Jun-29,TP00104,T00078,C0008,P-B-M,700,Nut,Male,36,36-40,South,กางเกง,Black,M
2026-Jun-29,TP00505,T00399,C0007,S-B-M,500,SE,Female,31,31-35,West,เสื้อ,Black,M
2026-Jun-29,TP00507,T00401,C0002,F-W-L,"1,500",Cap,Male,27,26-30,West,รองเท้า,White,L
2026-Jun-29,TP00569,T00463,C0001,F-R-L,"1,500",Peace,Female,22,21-25,West,รองเท้า,Red,L
2026-Jun-29,TP00572,T00466,C0005,F-B-L,"1,500",Kim,Female,41,>40,West,รองเท้า,Black,L
2026-Jun-29,TP00620,T00514,C0008,B-W-L,1000,Nut,Male,36,36-40,South,กระเป๋า,White,L
2026-Jun-29,TP00823,T00716,C0003,B-R-L,1000,Ali,Female,36,36-40,East,กระเป๋า,Red,L
2026-Jun-29,TP00887,T00780,C0010,P-R-M,700,Min,Female,34,31-35,North,กางเกง,Red,M
2026-Jun-29,TP00905,T00798,C0004,B-B-L,1000,Jane,Female,30,26-30,East,กระเป๋า,Black,L
2026-Jun-29,TP00912,T00805,C0007,B-B-M,1000,SE,Female,31,31-35,West,กระเป๋า,Black,M
2026-Jun-29,TP00978,T00871,C0006,B-R-L,1000,Tor,Male,26,26-30,North,กระเป๋า,Red,L
2026-Jun-28,TP00074,T00055,C0002,S-W-M,500,Cap,Male,27,26-30,West,เสื้อ,White,M
2026-Jun-28,TP00075,T00056,C0005,S-B-M,500,Kim,Female,41,>40,West,เสื้อ,Black,M
2026-Jun-28,TP00076,T00056,C0002,P-B-M,700,Cap,Male,27,26-30,West,กางเกง,Black,M
2026-Jun-28,TP00077,T00057,C0006,S-B-L,500,Tor,Male,26,26-30,North,เสื้อ,Black,L
2026-Jun-28,TP00078,T00058,C0006,F-B-L,"1,500",Tor,Male,26,26-30,North,รองเท้า,Black,L
2026-Jun-28,TP00079,T00059,C0001,F-B-M,"1,500",Peace,Female,22,21-25,West,รองเท้า,Black,M
2026-Jun-28,TP00080,T00060,C0007,S-W-L,500,SE,Female,31,31-35,West,เสื้อ,White,L
2026-Jun-28,TP00081,T00061,C0006,S-B-M,500,Tor,Male,26,26-30,North,เสื้อ,Black,M
2026-Jun-28,TP00082,T00062,C0004,F-R-M,"1,500",Jane,Female,30,26-30,East,รองเท้า,Red,M
2026-Jun-28,TP00083,T00063,C0010,F-B-M,"1,500",Min,Female,34,31-35,North,รองเท้า,Black,M
2026-Jun-28,TP00084,T00064,C0009,S-B-M,500,Nee,Female,28,26-30,City,เสื้อ,Black,M
2026-Jun-28,TP00520,T00414,C0003,F-B-M,"1,500",Ali,Female,36,36-40,East,รองเท้า,Black,M
2026-Jun-28,TP00570,T00464,C0008,B-B-M,1000,Nut,Male,36,36-40,South,กระเป๋า,Black,M
2026-Jun-28,TP00655,T00549,C0007,B-B-L,1000,SE,Female,31,31-35,West,กระเป๋า,Black,L
2026-Jun-28,TP00679,T00573,C0006,P-R-L,700,Tor,Male,26,26-30,North,กางเกง,Red,L
2026-Jun-28,TP00686,T00580,C0003,B-W-L,1000,Ali,Female,36,36-40,East,กระเป๋า,White,L
2026-Jun-28,TP00708,T00602,C0009,P-B-L,700,Nee,Female,28,26-30,City,กางเกง,Black,L
2026-Jun-28,TP00786,T00680,C0009,B-W-L,1000,Nee,Female,28,26-30,City,กระเป๋า,White,L
2026-Jun-28,TP00838,T00731,C0009,B-B-L,1000,Nee,Female,28,26-30,City,กระเป๋า,Black,L
2026-Jun-28,TP00929,T00822,C0004,B-B-L,1000,Jane,Female,30,26-30,East,กระเป๋า,Black,L
2026-Jun-27,TP00059,T00042,C0001,B-W-M,1000,Peace,Female,22,21-25,West,กระเป๋า,White,M
2026-Jun-27,TP00060,T00043,C0007,S-B-M,500,SE,Female,31,31-35,West,เสื้อ,Black,M
2026-Jun-27,TP00061,T00044,C0001,F-R-M,"1,500",Peace,Female,22,21-25,West,รองเท้า,Red,M
2026-Jun-27,TP00062,T00045,C0004,P-R-L,700,Jane,Female,30,26-30,East,กางเกง,Red,L
2026-Jun-27,TP00063,T00046,C0006,P-B-M,700,Tor,Male,26,26-30,North,กางเกง,Black,M
2026-Jun-27,TP00064,T00047,C0004,P-B-L,700,Jane,Female,30,26-30,East,กางเกง,Black,L
2026-Jun-27,TP00065,T00048,C0010,B-B-L,1000,Min,Female,34,31-35,North,กระเป๋า,Black,L
2026-Jun-27,TP00066,T00049,C0010,S-B-L,500,Min,Female,34,31-35,North,เสื้อ,Black,L
2026-Jun-27,TP00067,T00050,C0006,B-B-L,1000,Tor,Male,26,26-30,North,กระเป๋า,Black,L
2026-Jun-27,TP00068,T00050,C0009,P-R-M,700,Nee,Female,28,26-30,City,กางเกง,Red,M
2026-Jun-27,TP00069,T00051,C0004,P-B-L,700,Jane,Female,30,26-30,East,กางเกง,Black,L
2026-Jun-27,TP00070,T00051,C0002,B-B-M,1000,Cap,Male,27,26-30,West,กระเป๋า,Black,M
2026-Jun-27,TP00071,T00052,C0004,F-B-M,"1,500",Jane,Female,30,26-30,East,รองเท้า,Black,M
2026-Jun-27,TP00072,T00053,C0010,S-B-L,500,Min,Female,34,31-35,North,เสื้อ,Black,L
2026-Jun-27,TP00073,T00054,C0003,P-B-M,700,Ali,Female,36,36-40,East,กางเกง,Black,M
2026-Jun-27,TP00538,T00432,C0007,F-B-L,"1,500",SE,Female,31,31-35,West,รองเท้า,Black,L
2026-Jun-27,TP00551,T00445,C0007,P-R-L,700,SE,Female,31,31-35,West,กางเกง,Red,L
2026-Jun-27,TP00556,T00450,C0006,F-B-L,"1,500",Tor,Male,26,26-30,North,รองเท้า,Black,L
2026-Jun-27,TP00567,T00461,C0002,P-R-M,700,Cap,Male,27,26-30,West,กางเกง,Red,M
2026-Jun-27,TP00608,T00502,C0007,F-R-L,"1,500",SE,Female,31,31-35,West,รองเท้า,Red,L
2026-Jun-27,TP00624,T00518,C0008,S-B-M,500,Nut,Male,36,36-40,South,เสื้อ,Black,M
2026-Jun-27,TP00714,T00608,C0007,P-B-M,700,SE,Female,31,31-35,West,กางเกง,Black,M
2026-Jun-27,TP00824,T00717,C0002,B-B-L,1000,Cap,Male,27,26-30,West,กระเป๋า,Black,L
2026-Jun-27,TP00906,T00799,C0003,S-W-M,500,Ali,Female,36,36-40,East,เสื้อ,White,M
2026-Jun-27,TP00934,T00827,C0003,P-B-L,700,Ali,Female,36,36-40,East,กางเกง,Black,L
2026-Jun-27,TP00986,T00879,C0010,F-B-M,"1,500",Min,Female,34,31-35,North,รองเท้า,Black,M
2026-Jun-27,TP00999,T00892,C0003,S-W-M,500,Ali,Female,36,36-40,East,เสื้อ,White,M
2026-Jun-26,TP00053,T00037,C0005,B-B-L,1000,Kim,Female,41,>40,West,กระเป๋า,Black,L
2026-Jun-26,TP00054,T00038,C0006,S-B-L,500,Tor,Male,26,26-30,North,เสื้อ,Black,L
2026-Jun-26,TP00055,T00039,C0003,P-B-M,700,Ali,Female,36,36-40,East,กางเกง,Black,M
2026-Jun-26,TP00056,T00040,C0003,F-R-M,"1,500",Ali,Female,36,36-40,East,รองเท้า,Red,M
2026-Jun-26,TP00057,T00041,C0006,B-B-L,1000,Tor,Male,26,26-30,North,กระเป๋า,Black,L
2026-Jun-26,TP00058,T00041,C0009,F-B-L,"1,500",Nee,Female,28,26-30,City,รองเท้า,Black,L
2026-Jun-26,TP00540,T00434,C0006,S-B-L,500,Tor,Male,26,26-30,North,เสื้อ,Black,L
2026-Jun-26,TP00562,T00456,C0002,S-R-M,500,Cap,Male,27,26-30,West,เสื้อ,Red,M
2026-Jun-26,TP00595,T00489,C0006,F-B-L,"1,500",Tor,Male,26,26-30,North,รองเท้า,Black,L
2026-Jun-26,TP00693,T00587,C0008,S-B-L,500,Nut,Male,36,36-40,South,เสื้อ,Black,L
2026-Jun-26,TP00738,T00632,C0007,F-B-M,"1,500",SE,Female,31,31-35,West,รองเท้า,Black,M
2026-Jun-26,TP00754,T00648,C0004,S-B-L,500,Jane,Female,30,26-30,East,เสื้อ,Black,L
2026-Jun-26,TP00755,T00649,C0008,B-R-L,1000,Nut,Male,36,36-40,South,กระเป๋า,Red,L
2026-Jun-26,TP00803,T00696,C0001,P-W-L,700,Peace,Female,22,21-25,West,กางเกง,White,L
2026-Jun-26,TP00831,T00724,C0005,B-B-L,1000,Kim,Female,41,>40,West,กระเป๋า,Black,L
2026-Jun-26,TP00860,T00753,C0008,F-B-L,"1,500",Nut,Male,36,36-40,South,รองเท้า,Black,L
2026-Jun-26,TP00884,T00777,C0008,B-B-M,1000,Nut,Male,36,36-40,South,กระเป๋า,Black,M
2026-Jun-26,TP00889,T00782,C0010,P-B-L,700,Min,Female,34,31-35,North,กางเกง,Black,L
2026-Jun-26,TP00923,T00816,C0009,F-R-M,"1,500",Nee,Female,28,26-30,City,รองเท้า,Red,M
2026-Jun-26,TP00943,T00836,C0007,P-W-M,700,SE,Female,31,31-35,West,กางเกง,White,M
2026-Jun-26,TP00949,T00842,C0002,F-W-M,"1,500",Cap,Male,27,26-30,West,รองเท้า,White,M
2026-Jun-25,TP00040,T00030,C0003,F-W-L,"1,500",Ali,Female,36,36-40,East,รองเท้า,White,L
2026-Jun-25,TP00041,T00030,C0005,S-R-M,500,Kim,Female,41,>40,West,เสื้อ,Red,M
2026-Jun-25,TP00042,T00031,C0005,F-W-M,"1,500",Kim,Female,41,>40,West,รองเท้า,White,M
2026-Jun-25,TP00043,T00032,C0002,S-B-M,500,Cap,Male,27,26-30,West,เสื้อ,Black,M
2026-Jun-25,TP00044,T00032,C0005,B-W-M,1000,Kim,Female,41,>40,West,กระเป๋า,White,M
2026-Jun-25,TP00045,T00033,C0009,P-W-L,700,Nee,Female,28,26-30,City,กางเกง,White,L
2026-Jun-25,TP00046,T00034,C0003,S-B-L,500,Ali,Female,36,36-40,East,เสื้อ,Black,L
2026-Jun-25,TP00047,T00034,C0004,B-B-L,1000,Jane,Female,30,26-30,East,กระเป๋า,Black,L
2026-Jun-25,TP00048,T00034,C0002,S-B-L,500,Cap,Male,27,26-30,West,เสื้อ,Black,L
2026-Jun-25,TP00049,T00035,C0004,S-B-M,500,Jane,Female,30,26-30,East,เสื้อ,Black,M
2026-Jun-25,TP00050,T00035,C0003,S-R-L,500,Ali,Female,36,36-40,East,เสื้อ,Red,L
2026-Jun-25,TP00051,T00036,C0006,F-R-M,"1,500",Tor,Male,26,26-30,North,รองเท้า,Red,M
2026-Jun-25,TP00052,T00036,C0003,P-B-L,700,Ali,Female,36,36-40,East,กางเกง,Black,L
2026-Jun-25,TP00547,T00441,C0010,S-W-L,500,Min,Female,34,31-35,North,เสื้อ,White,L
2026-Jun-25,TP00565,T00459,C0004,B-R-M,1000,Jane,Female,30,26-30,East,กระเป๋า,Red,M
2026-Jun-25,TP00579,T00473,C0010,S-B-L,500,Min,Female,34,31-35,North,เสื้อ,Black,L
2026-Jun-25,TP00712,T00606,C0010,S-R-L,500,Min,Female,34,31-35,North,เสื้อ,Red,L
2026-Jun-25,TP00748,T00642,C0009,F-R-L,"1,500",Nee,Female,28,26-30,City,รองเท้า,Red,L
2026-Jun-25,TP00758,T00652,C0003,F-W-L,"1,500",Ali,Female,36,36-40,East,รองเท้า,White,L
2026-Jun-25,TP00794,T00688,C0001,F-R-L,"1,500",Peace,Female,22,21-25,West,รองเท้า,Red,L
2026-Jun-25,TP00868,T00761,C0010,P-R-M,700,Min,Female,34,31-35,North,กางเกง,Red,M
2026-Jun-25,TP00881,T00774,C0004,S-B-L,500,Jane,Female,30,26-30,East,เสื้อ,Black,L
2026-Jun-25,TP00950,T00843,C0004,P-W-L,700,Jane,Female,30,26-30,East,กางเกง,White,L
2026-Jun-25,TP00998,T00891,C0010,F-W-M,"1,500",Min,Female,34,31-35,North,รองเท้า,White,M
2026-Jun-24,TP00021,T00015,C0008,P-W-L,700,Nut,Male,36,36-40,South,กางเกง,White,L
2026-Jun-24,TP00022,T00016,C0003,B-W-L,1000,Ali,Female,36,36-40,East,กระเป๋า,White,L
2026-Jun-24,TP00023,T00016,C0008,P-W-M,700,Nut,Male,36,36-40,South,กางเกง,White,M
2026-Jun-24,TP00024,T00016,C0004,S-B-M,500,Jane,Female,30,26-30,East,เสื้อ,Black,M
2026-Jun-24,TP00025,T00017,C0008,S-B-M,500,Nut,Male,36,36-40,South,เสื้อ,Black,M
2026-Jun-24,TP00026,T00018,C0008,F-B-L,"1,500",Nut,Male,36,36-40,South,รองเท้า,Black,L
2026-Jun-24,TP00027,T00019,C0006,B-W-M,1000,Tor,Male,26,26-30,North,กระเป๋า,White,M
2026-Jun-24,TP00028,T00020,C0008,B-R-M,1000,Nut,Male,36,36-40,South,กระเป๋า,Red,M
2026-Jun-24,TP00029,T00021,C0007,S-R-L,500,SE,Female,31,31-35,West,เสื้อ,Red,L
2026-Jun-24,TP00030,T00021,C0010,F-R-L,"1,500",Min,Female,34,31-35,North,รองเท้า,Red,L
2026-Jun-24,TP00031,T00022,C0009,P-B-M,700,Nee,Female,28,26-30,City,กางเกง,Black,M
2026-Jun-24,TP00032,T00022,C0009,B-W-L,1000,Nee,Female,28,26-30,City,กระเป๋า,White,L
2026-Jun-24,TP00033,T00023,C0004,S-R-L,500,Jane,Female,30,26-30,East,เสื้อ,Red,L
2026-Jun-24,TP00034,T00024,C0003,B-W-M,1000,Ali,Female,36,36-40,East,กระเป๋า,White,M
2026-Jun-24,TP00035,T00025,C0003,B-B-M,1000,Ali,Female,36,36-40,East,กระเป๋า,Black,M
2026-Jun-24,TP00036,T00026,C0004,P-B-L,700,Jane,Female,30,26-30,East,กางเกง,Black,L
2026-Jun-24,TP00037,T00027,C0006,F-R-M,"1,500",Tor,Male,26,26-30,North,รองเท้า,Red,M
2026-Jun-24,TP00038,T00028,C0007,P-B-M,700,SE,Female,31,31-35,West,กางเกง,Black,M
2026-Jun-24,TP00039,T00029,C0009,S-R-L,500,Nee,Female,28,26-30,City,เสื้อ,Red,L
2026-Jun-24,TP00530,T00424,C0009,F-B-M,"1,500",Nee,Female,28,26-30,City,รองเท้า,Black,M
2026-Jun-24,TP00582,T00476,C0007,B-B-M,1000,SE,Female,31,31-35,West,กระเป๋า,Black,M
2026-Jun-24,TP00653,T00547,C0005,S-B-L,500,Kim,Female,41,>40,West,เสื้อ,Black,L
2026-Jun-24,TP00682,T00576,C0004,S-R-M,500,Jane,Female,30,26-30,East,เสื้อ,Red,M
2026-Jun-24,TP00721,T00615,C0010,F-B-L,"1,500",Min,Female,34,31-35,North,รองเท้า,Black,L
2026-Jun-24,TP00761,T00655,C0001,S-B-M,500,Peace,Female,22,21-25,West,เสื้อ,Black,M
2026-Jun-24,TP00819,T00712,C0003,S-R-M,500,Ali,Female,36,36-40,East,เสื้อ,Red,M
2026-Jun-24,TP00834,T00727,C0010,S-R-L,500,Min,Female,34,31-35,North,เสื้อ,Red,L
2026-Jun-24,TP00839,T00732,C0002,S-W-M,500,Cap,Male,27,26-30,West,เสื้อ,White,M
2026-Jun-24,TP00855,T00748,C0004,S-W-L,500,Jane,Female,30,26-30,East,เสื้อ,White,L
2026-Jun-24,TP00871,T00764,C0010,P-W-L,700,Min,Female,34,31-35,North,กางเกง,White,L
2026-Jun-24,TP00940,T00833,C0005,F-W-M,"1,500",Kim,Female,41,>40,West,รองเท้า,White,M
2026-Jun-24,TP00955,T00848,C0008,F-B-M,"1,500",Nut,Male,36,36-40,South,รองเท้า,Black,M
2026-Jun-24,TP00956,T00849,C0003,S-B-L,500,Ali,Female,36,36-40,East,เสื้อ,Black,L
2026-Jun-23,TP00014,T00010,C0001,B-W-L,1000,Peace,Female,22,21-25,West,กระเป๋า,White,L
2026-Jun-23,TP00015,T00011,C0009,F-B-L,"1,500",Nee,Female,28,26-30,City,รองเท้า,Black,L
2026-Jun-23,TP00016,T00012,C0010,B-W-L,1000,Min,Female,34,31-35,North,กระเป๋า,White,L
2026-Jun-23,TP00017,T00012,C0004,S-R-M,500,Jane,Female,30,26-30,East,เสื้อ,Red,M
2026-Jun-23,TP00018,T00012,C0007,P-W-M,700,SE,Female,31,31-35,West,กางเกง,White,M
2026-Jun-23,TP00019,T00013,C0002,F-R-M,"1,500",Cap,Male,27,26-30,West,รองเท้า,Red,M
2026-Jun-23,TP00020,T00014,C0009,P-B-M,700,Nee,Female,28,26-30,City,กางเกง,Black,M
2026-Jun-23,TP00521,T00415,C0008,B-B-L,1000,Nut,Male,36,36-40,South,กระเป๋า,Black,L
2026-Jun-23,TP00606,T00500,C0001,S-B-M,500,Peace,Female,22,21-25,West,เสื้อ,Black,M
2026-Jun-23,TP00610,T00504,C0010,P-B-L,700,Min,Female,34,31-35,North,กางเกง,Black,L
2026-Jun-23,TP00626,T00520,C0010,S-W-M,500,Min,Female,34,31-35,North,เสื้อ,White,M
2026-Jun-23,TP00638,T00532,C0003,P-B-M,700,Ali,Female,36,36-40,East,กางเกง,Black,M
2026-Jun-23,TP00648,T00542,C0005,B-R-L,1000,Kim,Female,41,>40,West,กระเป๋า,Red,L
2026-Jun-23,TP00685,T00579,C0003,F-B-M,"1,500",Ali,Female,36,36-40,East,รองเท้า,Black,M
2026-Jun-23,TP00756,T00650,C0005,B-B-L,1000,Kim,Female,41,>40,West,กระเป๋า,Black,L
2026-Jun-23,TP00760,T00654,C0009,F-B-L,"1,500",Nee,Female,28,26-30,City,รองเท้า,Black,L
2026-Jun-23,TP00864,T00757,C0006,F-R-M,"1,500",Tor,Male,26,26-30,North,รองเท้า,Red,M
2026-Jun-23,TP00865,T00758,C0003,P-W-M,700,Ali,Female,36,36-40,East,กางเกง,White,M
2026-Jun-23,TP00910,T00803,C0001,P-B-L,700,Peace,Female,22,21-25,West,กางเกง,Black,L
2026-Jun-23,TP00913,T00806,C0006,B-B-M,1000,Tor,Male,26,26-30,North,กระเป๋า,Black,M
2026-Jun-23,TP00939,T00832,C0004,S-W-M,500,Jane,Female,30,26-30,East,เสื้อ,White,M
2026-Jun-23,TP00952,T00845,C0004,B-B-L,1000,Jane,Female,30,26-30,East,กระเป๋า,Black,L
2026-Jun-23,TP00960,T00853,C0009,B-R-M,1000,Nee,Female,28,26-30,City,กระเป๋า,Red,M
2026-Jun-22,TP00001,T00001,C0010,P-B-M,700,Min,Female,34,31-35,North,กางเกง,Black,M
2026-Jun-22,TP00002,T00001,C0005,S-B-L,500,Kim,Female,41,>40,West,เสื้อ,Black,L
2026-Jun-22,TP00003,T00001,C0005,S-B-M,500,Kim,Female,41,>40,West,เสื้อ,Black,M
2026-Jun-22,TP00004,T00002,C0003,F-B-M,"1,500",Ali,Female,36,36-40,East,รองเท้า,Black,M
2026-Jun-22,TP00005,T00003,C0006,P-B-L,700,Tor,Male,26,26-30,North,กางเกง,Black,L
2026-Jun-22,TP00006,T00004,C0003,P-B-L,700,Ali,Female,36,36-40,East,กางเกง,Black,L
2026-Jun-22,TP00007,T00005,C0002,P-B-M,700,Cap,Male,27,26-30,West,กางเกง,Black,M
2026-Jun-22,TP00008,T00005,C0002,F-W-L,"1,500",Cap,Male,27,26-30,West,รองเท้า,White,L
2026-Jun-22,TP00009,T00006,C0004,S-W-M,500,Jane,Female,30,26-30,East,เสื้อ,White,M
2026-Jun-22,TP00010,T00007,C0009,P-B-M,700,Nee,Female,28,26-30,City,กางเกง,Black,M
2026-Jun-22,TP00011,T00008,C0005,P-R-L,700,Kim,Female,41,>40,West,กางเกง,Red,L
2026-Jun-22,TP00012,T00008,C0009,P-B-L,700,Nee,Female,28,26-30,City,กางเกง,Black,L
2026-Jun-22,TP00013,T00009,C0003,P-B-L,700,Ali,Female,36,36-40,East,กางเกง,Black,L